team_id,name
SKbpVP5K,Barcelona
W8mj7MDD,Real Madrid
jaarqpLQ,Atl. Madrid
IP5zl0cJ,Ath Bilbao
lUatW5jE,Villarreal
vJbTeCGP,Betis
8pvUZFhf,Celta Vigo
8bcjFy6O,Rayo Vallecano
ETdxjU8a,Osasuna
4jDQxrbf,Mallorca
jNvak2f3,Real Sociedad
CQeaytrD,Valencia
dboeiWOt,Getafe
QFfPdh1J,Espanyol
hxt57t2q,Alaves
nNNpcUSL,Girona
h8oAv4Ts,Sevilla
Mi0rXQg7,Leganes
IyRQC2vM,Las Palmas
zkpajjvm,Valladolid
SzYzw34K,Oviedo
G8FL0ShI,Levante
4jl02tPF,Elche
69w4Rb2d,Gijon
UJOGLItN,Real Sociedad B
QyHHzdwl,Castellon
EXuxl1xP,Granada CF
za7D2lO5,Zaragoza
48Z7G1Sf,Mirandes
nF2Vy2D0,Almeria
UytPaaEP,Huesca
O6ucWgAa,Andorra
nVpEwOrl,Racing Santander
OEsEpExD,Eibar
xpWAk3h6,Ceuta
O6FowKBc,Cultural Leonesa
Q51ZzMS6,Dep. La Coruna
25tIqYiJ,Malaga
UirAofN6,Albacete
vTxTEFi6,Burgos CF
hdWjLJUJ,Cadiz CF
CWuejruc,Cordoba
djPpJ4we,Arenas Getxo
tpBOiyM5,Pontevedra
dKc4L5vq,Real Aviles
M9KnSe0f,Ourense CF
IJTeVFYq,Lugo
Q14fiPNg,Osasuna B
pGGsv0di,Zamora
fmE1l44l,Unionistas
lWjqRFF0,Arenteiro
0UFPgH6a,Ponferradina
W27VZS9l,AD Merida
AN5aNyMg,Ath Bilbao B
W0xBI7Xo,CF Talavera
IHv6nz80,Tenerife
EXTWwqkE,Cacereno
fBqFQex0,Barakaldo
fyNss8GQ,Real Madrid B
GQPCyIeG,Celta Vigo B
WhhSCpFP,Guadalajara
zcgwCMgS,Racing Club Ferrol
YqQG18wC,Murcia
beO74ziJ,Atl. Madrid B
lnS2YNhJ,Sabadell
GzVElN7C,Betis B
0ranWp9D,Alcorcon
EgDgrOO2,Hercules
lSHMFchs,Algeciras
rNW6jqw0,UD Ibiza
UTX26rhg,Antequera
t8OpHDUh,Tarazona
r1N5s49f,Sanluqueno
dY03Jvn2,Sevilla FC B
MTXvQWhD,Teruel
WSv960Hk,Gimnastic
fw2i3K6O,Marbella
YT0e2vMU,Villarreal B
AB8XRSBQ,Torremolinos
IJyXDZ6C,FC Cartagena SAD
8WUSyF3F,Eldense
UkEeaAlL,CE Europa
4O7Ik005,Coruxo FC
M3Q8xbtA,Marino de Luanco
6iqV8NkP,UD Ourense
IyihVeQK,Gimnastica Segoviana
My31wNAn,Burgos CF B
EeCjPcis,Dep. Fabril
Q3CdYV39,Real Avila
4OH7ewrU,Langreo
8OiWNQkh,Salamanca
SbGfOH6m,Rayo Cantabria
hWSBMey0,Valladolid Promesas
r5x6yql2,Bergantinos
prZRwDvN,Sarriana
l29hmjM3,UD Samano
ltGx2MK4,Atl. Astorga
hxR0eK5m,Lealtad
dnirUhZM,Oviedo B
I7HizxOs,Numancia
8ANKKxdT,Sestao
bsKMYEn7,Beasain
nkdfEeLU,R. Union
4jrAJpKS,Naxara
Gl7VPIYB,SD Logrones
YJUSRLy1,Basconia
8jojOvFo,Alaves B
pfuJWA0r,Amorebieta
S4KtIgFn,Gernika
MoTP7drL,Utebo FC
8A7YIxPj,Eibar B
G2DnUxNN,UD Logrones
lrXWWhUu,Mutilvera
b7R6D073,Ebro
jVd9kPdO,Tudelano
Aee9Ach3,Ejea
4vSPUg3d,Alfaro
vqm9KPgk,Zaragoza B
rBb3kKjb,Olot
xKtKvMa3,Barbastro
Y1GgcKlj,Andratx
IPQKUJTJ,Valencia B
KI4JsyKs,Atletic Lleida
WnVfKwpQ,Alcoyano
6mY39aRs,Porreres
K4P35GyD,Barcelona B
rkPfzpO6,Sant Andreu
EZFEeKEC,Poblense
zFFr9NXc,SD Ibiza
8SzQz6gf,Baleares
f7ZdU7MA,Torrent
IDGLjl6p,Reus FCR
Y5OgIdxU,Espanyol B
MH92Xof7,Castellon B
YaTcdRpQ,Terrassa
vPaFdzkq,Girona B
jaHVSovI,Aguilas FC
pICBvnHI,Xerez D.F.C.
SdHcsrv9,Xerez CD
KpOJIAAg,Puente Genil
IPdnmf0Q,Almeria B
WdE9xSOs,Lorca Deportiva
l2GKzvhb,CD Estepona
Iwjzdgur,Melilla
v91i4Lwr,Deportiva Minera
G2F5XzYm,UCAM Murcia
bwkt7cPq,Yeclano
AqFWmrmE,CD Extremadura
2Vqp5txC,Linares
t8KlMm2l,Antoniano
ABNamBYT,Malaga B
zssYlsNI,Jaen
WKZPjAgg,Recreativo Huelva
8MjHvuVF,La Union
0nDneDfl,Orihuela
W4EcOeMI,Conquense
4QP26Hdp,Quintanar del Rey
bNnheXn8,Fuenlabrada
46uFRv4a,Real Madrid C
2mbZcDGG,CD Coria
MPdmNGmn,CF Intercity
b3GVm8Ia,San Sebastian Reyes
GbXOiHA9,Navalcarnero
8C8Kvfu4,Rayo Majadahonda
zDSbf2Bt,Socuellamos
Eqp7Cb3c,Tenerife B
0EqWRhO0,Getafe B
zXK1rsMs,Colonia M.
McXvxNJQ,RSD Alcala
dGPOTwqQ,Las Palmas B
4j5MkFyq,Ilicitano
nBuSSY8f,Rayo Vallecano B
Cx96dPuL,Villanovense
d8zuVWbh,Escobedo
0j2y2S8e,Estradense
tzVaKjl9,Arosa SC
E9rY0IKA,Boiro
WAv05zom,Racing Club Villalbes
8vY9RIY9,Celtiga
d0qnRsPG,Alondras
IyfDGd1L,Barco
j9bT3eHF,Noia
xr9iQJmT,Cambados
4nmaBaEa,Barbadas-Bentraces
SYVzWCqn,Somozas
UDJ1c5QE,Montaneros
6VTVrfCG,Silva SD
W6KgV8AL,Lugo B
raYBFLs1,Compostela
8ALyUWUp,Atletico Arteixo
2wYbN6SP,Viveiro
8EJDcWmn,Gran Pena
GAsUZeQS,Gijon B
KWebhE9g,Real Titanico
K2sIB9bU,Union Club Ceares
AowKULEE,EI San Martin
tthpeyXH,Club Siero
bqmzBclT,Praviano
Y3spzgYR,Caudal Deportivo
IeUGc5k8,Lenense
2ixMYKE3,CD Colunga
2e1ggffm,Aviles Stadium
Us4v4OSa,L'Entregu
YXwLruOR,Llanera
lQZuqOxc,Mosconia
40z67AJp,Covadonga
beBXmmMQ,SD Navarro CF
zmgeODaJ,Gijon Industrial
vi2zie8P,Tuilla
rs6egWLl,Llanes
8ARuFaCD,Torrelavega
QDq1LYOm,Selaya
pIqvAyNF,Noja
tpUWQui7,Bezana
O4Rsa7kc,Torina
MH2sk5HI,CD Colindres
MwW1bvKT,Castro
tEuRvaL6,Guarnizo
YNnCD2GE,Cayon
KfZxGnun,UC Cartes
j7iEyBue,Vimenor
SStPzDHM,Laredo
EHYtF6fh,CD Barquereno
l8Cb26LN,Revilla
ELDbupuB,Montanas
f5akdK5P,Atletico Albericia
tpCm2y89,Tropezon
8Uv0PXYr,Pasaia
E7mV7fn5,Santurtzi
Uoxwy7bk,SD Deusto
0hiUK9ds,UD Aretxabaleta
4Cua66el,Zarautz KE
jgY7sntT,Real Sociedad C
trw8NB3e,San Ignacio
6HD2B4T5,Anorga
d4FPk8Lj,Lagun Onak
2BlbOxb5,Zamudio
n7BGfiP0,Portugalete
UoXC1PWH,Durango
YklaFJbk,Touring KE
h0onZYDn,Leioa
KKH6AOrC,Alaves C
IV2PZfX0,Aurrera de Vitoria
OhOcCpEa,Derio
C09hNSlB,Eibar C
Iyz7nh6D,Cerdanyola
2sYhRFZ0,CE Europa B
C2M2RyNg,CF Badalona
2NKZ6t5N,UE Tona
nqWqIAh1,Cornella
f9Ugc7VJ,Lleida
z7fl2syR,Can Vidalet
MwQnCuag,Vilassar de Mar
fLXCDctO,Mollerussa
jqcZPAwm,FC L'escala
SGQrDLqm,UE Vic
SGHHewxm,L Hospitalet
E3PvE8xU,San Cristobal CP
AJ3ZxvFr,CF Vilanova
U7mHgbz0,Montanesa
r98bl0xA,Grama
hONkzw0r,Peralada
M5leS8HE,Manresa
463fLkTn,Saguntino
MmlklHUH,Jove Español
IyIMjxg1,Hercules B
n3reskvE,Crevillente
OjNgUIZp,Castellonense
l0OBgiko,La Nucia
nVZHMIjm,Levante B
f76j5Udf,CD Bunol
hMd6Tw1G,Torrellano
2mUAGEdb,Utiel
rqmW9Cl2,Atzeneta
Qe1xg2Co,Soneja
Onb71ndJ,Recambios Colon
0fy2IiJs,Vall de Uxo
dhNxFfxR,Ontinyent 1931
2NrmLOsd,Villarreal C
IDwkeyEL,Roda
4nGogogs,Alzira
tvOLKCtq,CD Mostoles
G8JCLk9S,AD Torrejon
SpQEP3lQ,San Sebastian Reyes B
0KDf8UXl,Trival Valderas
GbOLOnF7,Carabanchel
ULeDlqCU,Parla
phAXGhR6,Ciudad de Madrid
v5JvnARc,Leganes B
MXgGS1Pt,Galapagar
fRgeilnJ,Mexico FC
Aws5GP4d,Tres Cantos
jPnMjBQf,Alcorcon B
nmdomGSB,Union Adarve
KU2Ln6yg,Siello
8QjqTbZI,Las Rozas
IeOk9AIr,Pozuelo de Alarcon
vLq7rxYP,Villaverde San Andres
f3ztucst,Atl. Madrid C
429GEsYI,Numancia B
hSjpb9lU,Palencia CF
Qmo5BNjC,Colegios Diocesanos
WW1zgsxE,Leonesa B
8AMFDa4A,La Virgen
bacxNTnr,Bembibre
Y1ESvlMj,Mansilles
OEilWyBE,Arandina
riZ96UYj,Palencia CA
K0fgofcO,Almazan
fgYuO1iA,Unionistas B
Ei0mGd4p,Guijuelo
Kx0vkqya,Villaralbo
C6RXGsQj,CD Mojados
jX2FhGu8,Atl. Tordesillas
UoCojn32,Becerril
plFqtPB5,Mirandes B
pbW8JN6J,Santa Marta Tormes
QBewLFNH,Arenas Armilla
CrT6FLZc,Huetor Tajar
0IirovRs,Marbelli
hW1BpKKC,Martos
vu4LzyIf,Motril
SvYm0ADA,Mijas Las Lagunas
tjKVi7ca,Mancha
be7lMH8P,Melilla B
Ukoet9A4,Churriana de la Vega
dzR2Mhd5,Huetor Vega
jF1iSUgc,El Palo
8WJ5ilVD,UD San Pedro
boH7mD2e,Torre del Mar
b3a6nmwk,CD Alhaurino
rZcqOdYu,Atletico de Porcuna
bVZAKWus,Torredonjimeno
YwgSZhN6,CD Torreperogil
UVZfdr9Q,Granada CF B
UZlkWqtC,Bollullos
Qw7YHU0h,Sevilla FC C
t0bvPdQH,Tomares UD
GvS0Jon7,Cordoba B
x6jWHUPa,Ciudad de Lucena
xbXS627a,Linense
K2kOYJUN,Conil
QgjftG3F,Coria C.F.
xYWUqYqB,Cadiz CF B
0zOWa70U,Atl. Onubense
IyboXSwr,CD Utrera
ShFOZc74,San Roque
SS2Yz4EC,Dos Hermanas
88ts1cm1,Pozoblanco
6mTyxt2G,Chiclana
KpaVGHrG,Ceuta B
K26DrNjd,Atletico Central
EiBi7Asl,Castilleja CF
CGNMIKGS,Cardassar
I1fyPg3l,Manacor
hzNBx0No,Mallorca B
SIVtmnZm,Portmany
pQzYS2eE,Platges de Calvia
4bQjyQ80,Pena Deportiva
zPn6MGSH,Formentera
ADXIEhRA,Felanitx
hQMBfP1j,Son Cladera
lxU55lUa,Collerense
O4zZALz4,Inter Ibiza
ngFVz7gn,Binissalem
4KtuJjwe,Alcudia
xUWtRxiH,Rotlet Molinar
YkBRymvt,Constancia
KU5maDRN,Santanyi
tv7q0gCH,Mercadal
Ys53rIuI,Llosetense
YDO9OyIq,Real Union Tenerife
8dZKexfK,Mensajero
O8TerrRL,Tamaraceite
nF2RQbJ5,CD Marino
CrY0CXT9,San Miguel
rF5LO9UM,San Fernando
lMqF1cA8,Atl. Paso
YLYYrUoE,Lanzarote
4K4r44DB,Arucas
dfwXKC8r,Telde
YP1M2RIc,Tenerife C
vuqr9exM,SD Tenisca
Kxv54eL2,Panaderia
QmTLVZmj,Villa Santa Brigida
6HQkxbj5,Yaiza
6TNXX9rb,San Bartolome
xdAdxvTq,Herbania
rVm4QVaA,Las Palmas C
jPLfw1lC,Deportivo Maritimo
0U3e5WIA,Mazarron CF
OnITgbSp,Bala Azul
CCXxrl1K,Real Murcia B
6wRFyKxh,Caravaca
pMGZR5gO,Minerva
MqUwsqkm,Santomera
jBLkdUo3,Pulpileno
rLsGQLgT,Ciudad Cieza
dS3aGvm9,Yeclano B
Iw3X2QHn,Muleno
vN4RB37f,EG El Palmar CF
8IgEM4mJ,Molinense
dvg22kJp,UCAM Murcia B
WlCDhye2,Santa Cruz
OjZ1yuJO,Aguilas FC B
4zDT0Lg1,Olimpico de Totana
d0OMU795,FC Cartagena SAD B
Yeg7vHn0,Jaraiz
S4Ahn9vt,Montijo
0vhFBle9,CD Calamonte
OrO2dp84,Diocesano
E3rzeOtP,Montehermoso
EDSg00kH,Pueblonuevo
AmaRy7NM,CD Badajoz
UV0LgBv7,Don Benito
AizHP7s7,Azuaga
ptvbnJyS,Jerez CF
CCv1Tv4c,Santa Amalia
fkImv1P1,Cabeza del Buey
IyWVFU7H,Llerenense
lYt2HNv2,Gevora
nZJbZVh9,Villafranca
4CRrNlrS,Puebla
UagTbQNl,Moralo
zLIHix5C,Oberena
6Lz2IzSo,Subiza
vVUbHs5o,Cortes
xSsBpgog,AD San Juan
OlVCIsMP,Txantrea
UsILjdKI,Pamplona
OxVVwJzD,Huarte
noegDE2I,Beti Onak
4EzJGo2b,Valle Egues
vwaScJKC,Ezcabarte
0GmC5crt,Aoiz
lQDvAFvj,Beti Kozkor
Qs602Nzf,Bidezarra
I5F9R9vR,Cirbonero
UJSyGuc7,Izarra
QkLQPGpl,CA Artajones
z5FH4bC5,Pena
t0EzBePq,CD Ardoi
S4ubWpop,Calahorra
AqpDl1r8,CDFC Calzada
WzbcpECU,Anguiano
UeuT1Fs5,Berceo
nNAZL7II,Comillas
G0T65yCj,San Marcial
EB92EXcE,Pradejon
t4IsWd19,UD Logrones B
zVJhL7Hf,Vianes
v7nG4Hcn,Arnedo
QweknzrI,Agoncillo
pURDvR0j,Pena Balsamaiso
Q3wkYIPr,Haro Deportivo
YmfopX9B,Autol
UmZ5SbJ3,Villegas
nVSn70gr,Varea
hv6DRZbB,Yague
WOpjk5sI,Oyonesa
QoXAEuk4,La Almunia
bkMvUlPl,Tamarite
rcQl8lwa,Belchite 97
UBfdUFuR,Andorra CF
ITv1VDP5,Binefar
zXMtAA8n,Carinena
dQhwutF9,UD Casetas
vwyMjbTn,Almudevar
jZ3RzjKm,Caspe
6BsFYJo3,Calamocha
KvZ2TfoS,CF Illueca
O0fh0hBN,Huesca B
6m9YqmfJ,Epila
INFtzsvH,Utrillas
Wn47DiDK,Robres
QgTbFMxi,Cuarte
bq4sFtLH,Zuera
xKLUOEgq,Atletico Monzon
fwGyeuht,Palma del Rio
fZKFBvxG,Deportivo Getxo
GtINXdAc,Puerto de Vega
KnaNgQtR,CD Yuncos
8t6BFGhL,Sant Just
Grisq7d5,CD Sant Jordi
4xGxBl9f,UD Los Garres
6RpzBH79,SD Negreira
8GCCeX9f,Toledo
EwJ7aStn,Inter de Valdemoro
IX2IMw5R,Maracena
KMlgVl1E,Univ. Julio Suarez
bRrbuPeU,Sporting Ceuta
4WZ6SUqf,Campanario
jcyT3VTH,Atletico Melilla
MJQLyhQG,Manises
Wlwk1tzB,Atletico Calatayud
AyG0BpU0,Lourdes
dYm2NdDB,Textil Escudo
Aa2ZeMBl,Betis Valladolid
23poVAt6,CCD Alberite
SMCpIjN7,Laguna Tenerife
2mXiTVM1,Ceuta 6 de Junio
OjPhVb3l,Los Troncos FC
6ZtqtGH6,Ultimate Mostoles
vmuivfnJ,xBuyer Team
d4N0TxY0,Pio FC
46rMzLuR,La Capital CF
hWG9RG2D,Porcinos FC
WvVExsBE,Jijantes FC
I98ekKfK,Rayo de Barcelona
jqhSEwJ7,El Barrio
2spSqbIs,Saiyans FC
rJlKGale,1K FC
A7mzrxmf,Skull FC
lORPcDNb,Cacereno W
8YbgevSL,Villarreal W
QuFmeZfT,Tenerife B W
SnoHk9Ca,SE AEM W
juhkyqVe,Valencia W
UiaLps2L,Atl. Madrid B W
pUPG4G4l,Real Madrid B W
zuvSQxYh,Real Oviedo W
baDAt7Oe,Albacete W
QJ0uFhQN,Betis W
p0kAXCtC,CA Osasuna W
GjU6Q32N,Barcelona B W
Qe23TbYI,CE Europa W
bqBPMVgI,Alaves W
YFBOvfnB,Barcelona W
4xlfVfnP,Real Madrid W
QH04QG25,Athletic Bilbao W
M9eddp7L,Atl. Madrid W
6Bf7iF4h,AF Luftetari
KISc88wJ,Besa Kavaje
AqdUTxEC,Kukesi
61k9O7hC,Apolonia Fier
nBwoAYyq,Laci
WrmwREKs,Burreli
hbo5Pmw6,Lushnja
M5I8JbRT,Korabi Peshkopi
0bFKFUkM,Pogradeci
UZSk9hik,Kastrioti
6XNAEETR,Skenderbeu
xjN2SjL9,Iliria Fushe-Kruje
KdZNQkgm,Dinamo Tirana
0OGo7WXG,Vllaznia
CjYs7BO9,Egnatia
QBmz1ReP,AF Elbasani
t6zKRVws,KF Tirana
lQvENR7I,Teuta
IFgZ7CIA,Partizani
OQmhWBVP,Bylis
GSOlR98g,Flamurtari
2JQFerwk,Vora
GtM6RAzG,Librazhd
2iJ39SSk,Tomori Berat
zJ3WlL4E,Oriku
ln6U9pc8,Beselidhja Lezha
byn1QTNa,Shkumbini Peqin
ELor4ciI,Albanet
GvGcgC0q,Erzeni
CbAcvI2J,Kucove
GrTPyDSl,Luzi
EVLM75ot,Devolli
AVw4LNfL,KF Valbona
dEI78nrd,Terbuni
6e7Oit6J,Butrinti Sarande
h2ZhErgR,Delvina
8Ea2rAK6,Basania
Ae5IAAT6,Maliqi
KULnIvuc,Koplik
Muh0hlph,Kelcyra
nimcBvel,Saoura
tnY2Lfcp,MC Alger
S6H5xCS1,El Bayadh
Wfaskwf0,Kabylie
Aobolc96,ASO Chlef
zXBidj5t,USM Alger
vNJLB2jP,CR Belouizdad
j9T7TM2E,Mostaganem
EDgC6qYp,ES Setif
QmvZvxCB,Ben Aknoun
lYuJtBj9,Khenchela
WIyffF3J,Paradou
nBionu2l,Constantine
CrCmB35M,Oran
hGHHy7Am,Rouisset
dhMQsMOh,Olympique Akbou
OQubDJ3q,Annaba
pMubgZIP,Biskra
fasnPe96,Arba
YVkFoJW0,Harrach
hdnmDXCa,Beni Oulbane
Y1wWSvDa,Djijel
n1hTsS32,Bordj Menail
UcqOqc1D,MO Constantine
6Ngogp51,El Biar
p0qAWcB9,Temouchent
WGMAvQia,Hussein Dey
4Id3feN8,RC Kouba
txkthMBe,JSM Tiaret
pWAiN7Lc,Saida
h0AHNRz4,Khroub
jgGJTKcg,Khemis El Khechna
OISa0FK8,Magra
SKsVr3nc,CA Batna
21SPlgRt,MSP Batna
jcEpyIYq,Chelghoum
KEogLiTu,Telaghema
QkjUWanK,MO Bejaia
j130Kf3S,Tixeraine
xlp9ES6l,WA Mostaganem
GfuKpwn7,Tlemcen
xWAxL4dk,Adrar
pYZgYcYG,US Chaouia
8AGnSASs,CR Beni Thour
SdyEjp6g,ASM Oran
OSn5oNaJ,GC Mascara
4pYv75FD,Kolea
Cvmz7O5o,Bechar Djedid
IecAP3wG,Bejaia
EBpeWPMH,Wifaq Ain Benian
t84sxEa6,Bir El Ater
x6P3U2m8,Frenda
Myl3U3iU,Ain Kercha
lUezXlwC,Amal Bou Saada
lYkTav8E,Widad Adabi de Boufarik
fBauam71,MB Barika
bco5F8ir,USF Constantine
nRyYotb3,Beni Thamou
QkEDl7xn,Illizi
YFHLno7b,RA Ain Defla
MsiDL88a,Bethioua
pYVcSn4F,CB Mila
QJpxw8Rg,CRB Kais
SvfLJnwC,Hamaissa
vJNwxUht,Tessala
A92wKi9B,SC Mecheria
QoIdjLXi,Sidi Abdelmoumen
WrNC5JA7,Sedrata
jVCfGVGD,Marsa El Hadjadj
E7cxwV9l,MB Hassi Messaoud
SEAUpPyB,Kadiria
I5WyT80J,Sidi Ali Boussidi
fTQAQfjd,Metlili Chaamba
8bFfYoh5,Naama
O68blILd,Oued Fodda
GrpkVUTL,ES Setif U21
xdmq6qO0,Biskra U21
4bRp94SI,Kabylie U21
johjxcZe,ASO Chlef U21
dpUGedga,MC Alger U21
6q772qit,Magra U21
zDJrmUoI,Olympique Akbou U21
EThjYIFG,CR Belouizdad U21
IyKNlrv4,Oran U21
xMnubJSI,USM Alger U21
vJMwoiMd,Paradou U21
MyLKBF2d,Mostaganem U21
0MmFBWEo,Khenchela U21
nJaXnmxo,El Bayadh U21
WpFuhGR8,Constantine U21
2wyLEDI9,Saoura U21
4CambolL,Inter Escaldes
8MZIdRpm,Esperanca
2FQVLC6o,Carroi
6kBSnSvE,UE Santa Coloma
hQcdh3te,Atletic Escaldes
b9WGGWfK,Ordino
biWhbE4E,Penya
v1MelMDR,FC Santa Coloma
bNrLJX1l,FC Rangers
6HqtNmeI,Pas de la Casa
Q7yx3NeM,Casa de Portugal
SQ5FUBms,La Massana
vNghgqRl,Principat
Or1zrumM,Sporting Escaldes
EHLVsWhe,City Escaldes
pAu70pNJ,Kabuscorp
vu1AoM15,Guelson
j3jel3sN,Interclube
Iygo39Y7,Primeiro de Maio
2kqSBS5P,Wiliete
UsoJOoE8,Bravos do Maquis
OY3pBKGJ,Primeiro de Agosto
IBc0OrpH,Sagrada
jD7mcH5f,C.R.D. Libolo
2P2lAvWP,Petro Atletico
lUhX7R54,Sao Salvador
pWcLQAGg,Desportivo Huila
OnVzGiWj,CD Lunda Sul
jinFPRb2,Academica
xjydtRPP,Redonda
fNmgN5b2,Luanda City
d2ztuXKa,Green City
bVNTm1RO,Pigotts Bullets
CWWloVl7,Ottos Rangers
zigaEjYs,Aston Villa
C6mUkKTh,Jennings
QXEFpjPc,Potters
YPZk1QE1,All Saints Utd.
42qJbj5G,Old Road
Ma8OrUgA,Attacking Saints
AoxYtgjm,John Hughes
hUTlwBkC,Garden Stars
8zMmcunS,Grenades
SGwIMoNO,Pyunik Yerevan
xlT9cL89,Ararat-Armenia
nVkmt9Nn,Urartu
IeATrtcs,Noah
lpzQXDLF,Alashkert
6B9kVCIA,Van
z1swrCaA,FC Gandzasar
CEGaCYX5,BKMA
fegevmha,Shirak Gyumri
foGk6jmN,Ararat Yerevan
Stm01OiS,Sardarapat
460rsk8t,Syunik
W8rWe2Fk,Hayq
WYZSFYHL,Andranik
feifG4l9,BKMA 2
Q7Mjs7bs,Ararat Yerevan 2
8WBetRDm,Urartu 2
KlU1eMoo,Pyunik Yerevan 2
nLdZLe8B,Araks Ararat
2cEGoVaP,Mika Jerevan
YRVDNbys,Lernayin Artsakh
U51JIhId,Noah 2
baigo0jD,Ararat-Armenia 2
Iqm6JgaJ,Bentonit
4Mtvftp2,Van 2
OYQgFUUd,Shirak Gyumri 2
pGcBj6Zg,Dakota
vk0Ixg88,Britannia
fyaNEkG1,Bubali
O0YIFjBF,Sporting
8G4cEV0e,La Fama
nF3QzXxL,Racing Club Aruba
EaZ5xZo0,Newcastle Jets
2J7jacL6,Auckland FC
4AZ2ueHm,Adelaide United
Qql6CzOP,Melbourne Victory
6JsBlXVI,Sydney FC
OKfoGJBe,Melbourne City
bL3ChiWQ,Macarthur FC
Ctp2DG8J,Wellington Phoenix
Wzp1wFWg,Central Coast Mariners
SSr7kDGC,Brisbane Roar
hjY9yg16,Perth Glory
l00pXxBN,WS Wanderers
reqxikvt,Queanbeyan City
KWY0xj3P,Tigers FC
lnRa4LIe,Canberra Olympic
0IpP7sbA,Monaro Panthers
M9UocgKt,Belconnen Utd.
jcQwCm5i,Canberra White Eagles
2aQk0YTd,Brindabella
l4biuOGR,O'Connor Knights
GrnxBYKO,Tuggeranong Utd
viNeCDn3,Canberra Juventus
xfRgxB6e,Canberra Croatia
vkVmtM1l,Weston Bears
08NPOth1,Edgeworth E.
jXpWqrUQ,Broadmeadow
OU0cJchf,Charlestown Azzurri
rLE2M1p4,Belmont Swansea Utd.
QcoppI6T,Maitland
UPKXaIva,Newcastle Olympic
0O1tHTEA,Kahibah
SnLe9aef,Cooks Hill United
E5d8gdql,Lambton J.
65WP3ovq,Valentine
C4ENzk88,Adamstown Rosebud
2RROTa1R,Sydney Utd
84SKUunL,APIA Leichhardt
Iy9d7bP1,Marconi Stallions
l6d5nskK,Rockdale Ilinden
hrmFrjOc,St George Saints
6XqvdP8p,NWS Spirit
4ORPPwPl,Wollongong Wolves
Cn6m6M5q,WS Wanderers U21
SfKCW1H8,Sutherland Sharks
rgAMN3yt,Sydney FC U23
xpo0quco,St. George City
4GIZ7ukI,UNSW
4URJDlFt,SD Raiders
voAh8vAe,Manly Utd
QwUHEtXR,Blacktown City
AJ9HVLWE,Sydney Olympic
Yagt7864,Peninsula
ATtNJ1jt,Moreton City Excelsior
rZJ589gJ,Queensland Lions
xbqDNgUr,Wynnum Wolves
ph4R4Q5T,Olympic FC
I9cFqWXF,Gold Coast Knights
xYaX8Uyh,Brisbane City
lW3Lnt2T,Gold Coast Utd
615N56jN,Eastern Suburbs
MX497UNi,Magic United
6sYj6265,Brisbane Roar U23
0I9da4Tj,Rochedale
AFWGUHvm,West Torrens
Cpw2L2Os,Adelaide City
MBQ3xXD4,NE Metrostars
2H3hPFYd,Playford Patriots
GzlgNHbN,Sturt Lions
nulnbZSl,FK Beograd
KriGRGYp,West Adelaide
prgRHKN6,Campbelltown City
EDK72K5U,Adelaide United U23
Y7R4LiEH,Croydon
WKbHrUg8,Para
dCSCVcPt,Adelaide Comets
Au65jKS3,Devonport
zVNlGXqa,South Hobart
lxzXkySu,Launceston
Kn1hNaG7,Riverside Olympic
UJsCoMaA,Clarence Zebras
zPEXSmbA,Kingborough Lions
4QHRtUdI,Glenorchy Knights
hpspS7DG,Launceston United
Es2at53o,Ulverstone
42QMxavg,South East Utd.
6ciKPSEO,South Melbourne
t2xVSj0g,Hume City
rmdM6WF4,Bentleigh Greens
bwmQTWpm,Heidelberg Utd
lQBaubGn,George Cross
hp4oRUU5,Oakleigh Cannons
KWj79058,Melbourne City U21
8UbVeMao,Avondale FC
Wz3kQlpC,Preston Lions
lKRc20yg,St Albans
xxQXNHg1,Altona Magic
juUyNy97,Dandenong Thunder
ryiUUkUg,Dandenong City
KnlMUCVt,Green Gully
Yexigd0T,Olympic Kingsway
SrjyqobH,Western Knights
hSfSt8EB,Perth RedStar
nHznn9qn,Perth Azzurri
GzV6sWPE,Stirling Macedonia
0hbzunqO,Fremantle City
jcRHNk9s,Bayswater
vJYUdIMm,Dianella White Eagle
fsvfpmEb,Sorrento
l6Ne5MLB,Perth Glory U23
WdboMYQ1,Balcatta
KQrorAUh,Armadale
GhJpHE00,ANU
bB5ut9VN,Wagga City Wanderers
WOoYdQxN,West Canberra Wanderers
CC4URbVb,Wallsend Red Devils
jqeuPIHh,Cessnock City Hornets
COXxCEHP,Dudley Redhead United
pIl1RQFl,Lake Macquarie
hAkz7G39,New Lambton
8vYmSdMq,Singleton Strikers
vyw0GTMF,Newcastle Croatia
C2740d4l,Toronto Awaba Stags
hdNsFkl8,South Cardiff
lYejUhQq,West Wallsend
KnDPXvhT,Broadbeach Utd.
jPuiYdSH,Brisbane Strikers
Miv3k7yU,Redlands
KW4td1AF,Caboolture
plhMb9zf,Ipswich
hKdy9MZ8,Sunshine Coast Wanderers
0pJs42kp,Logan Lightning
IcmdWjfO,Holland Park Hawks
nVpMG6ot,North Star
YJI3ePHT,Robina City
vTlbjmMN,Capalaba
KC2Aq39m,St. George Willawong
MFGJNZEh,Adelaide Croatia Raiders
QXelIR0U,Adelaide Cobras
MmRxcklD,Cove FC
EHZCJVrU,Modbury Jets
0rhjcgre,Cumberland Utd.
Of4fEgMA,Fulham Utd.
xCXN6aAi,Adelaide Olympic
U9klAP6r,Adelaide Atletico
WOB8AH9A,Salisbury Utd.
23YTRWDN,Eastern United
E519PO0K,Blue Eagles
pIQdRRT8,South Adelaide
dUjocdak,Devonport U21
z18P11ve,Northern Rangers
Qm1ObSnl,Ulverstone U21
IZytJwM8,Launceston U21
j58x4YHi,Somerset
dtGlAyNf,Burnie Utd.
Ac0BpJFq,Launceston United U21
lMbD0V5s,Riverside Olympic U21
CbSCxPIb,Clarence Zebras U21
4Qq3wb7j,New Town
nHoeUXya,Taroona
84poOP35,South Hobart U21
rRBXau97,Olympia Warriors
COB3BnKa,Glenorchy Knights U21
8MvrmMR8,Hobart Utd.
CxixQoZh,Hobart City
YwDDS6ZN,University of Tasmania
d6E8VQNP,South East Utd. U21
08OY5jVA,Northcote City
2NCM9Zzh,Manningham United Blues
tzpsqjFn,Brunswick Juventus
bN4sSAFa,Melbourne Knights
YavdxI7M,North Geelong
MmBEpR6b,Eltham Redbacks
YJ9rvU7B,Bulleen
ETqweRZI,Western Utd. U21
fN14COSF,Melbourne Victory U21
dh4IMmQG,Brunswick City
jBNM4noT,North Sunshine Eagles
GrmPWmio,Melbourne Srbija
Sd2JPfcE,Langwarrin
xEWWA2Ri,Port Melbourne Sharks
SdMa4tyI,Melbourne Victory U23
zNL330jO,Melbourne City U23
UgUkJujB,Central Coast Mariners U23
ddEQMNjn,Newcastle Jets U23
4Qy2GwzU,WS Wanderers U23
U9CYK1Lb,Canberra United U23
zsktjfsD,Sturm Graz
Olvehxrl,Salzburg
rejcUFSs,SK Rapid
MipWYeKQ,LASK
lvnOzIkE,Austria Vienna
zcDa6MTF,Hartberg
8KA7Qw1U,St. Polten
655zEcZJ,A. Lustenau
r9HwRaWH,Floridsdorfer AC
YHWHwmRf,Amstetten
Yk4H6LHn,Admira
C4FBQHlQ,Austria Vienna (Am)
Cv27lapN,Liefering
Eez3RKEM,First Vienna
jVlL3vb5,A. Salzburg
Yuu4T0aG,SK Rapid II
6i1ocvXH,Hertha Wels
SUpSZy5K,Kapfenberg
hIayizS6,A. Klagenfurt
8IZ6QvUS,Sturm Graz II
fmD86L0H,Bregenz
dOdvIwtg,Stripfing
zHQodIQP,Gloggnitz
vHBrG6b7,Leobendorf
StFxH8UN,Kremser
bN6XkdBC,Parndorf
ryDDCi7L,SV Donau
jXu9HJ15,Horn
hpBo5FAl,Donaufeld Wien
6P4OYeNd,Traiskirchen
ITnv2iQC,SV Oberwart
xbYhZl0d,Marchfeld
2oqB4Qrp,Wiener Viktoria
dfF86oXf,Sportunion Mauer
Ct3L5uXh,Wiener Sport-Club
QsMysm28,Favoritner
632P4ana,Neusiedl
ShqytQiQ,Retz
YgFBeHiO,TWL Elektra
QeqBIlht,ASK Voitsberg
MspyWK64,Union Gurten
6JeJJlar,Kalsdorf
nRcAZFl1,LASK (Am)
fe4cmFPA,Oedt
EgGvAeF5,Deutschlandsberger
d2qFIbVn,Lafnitz
ITcmZfjj,Wallern/St Marienkirchen
vVADEenC,Atus Velden
2ag1kEDl,SC Weiz
Wx5d4Qjo,Wolfsberger AC (Am)
KSuTsnND,Dietach
0GzdHdNm,Gleisdorf
8trtyOUg,Treibach
UJZMaE1Q,Ried (Am)
IZ0JZCeS,Weindorf St. Anna
lpgpkEdJ,Wacker Innsbruck
jV0BmJaT,Seekirchen
r5rXaFGr,Kuchl
lYf5oNFA,Dornbirn
MNtmJOdG,Bischofshofen
OIryu874,SC Imst
6TJgzldK,Schwaz
n1WXRNmJ,Hohenems
WtIHpsVG,Reichenau
WUCdBknO,Wals-Grunau
QPj8gvCm,FC Lustenau
tt13uJmF,Kitzbuhel
UkY3jTAT,Lauterach
rVYUlskp,TSV St. Johann
EeUIJqPA,Saalfelden
4GNfblFD,Altach U21
ln6H4aVT,Kufstein
CnEkS3Aa,Mattersburg SV 2020
j7JzMdSF,SV Eberau
fFMgxhHq,Leithaprodersdorf
Cj760v0l,Oberpullendorf
QJo6u6Wf,Edelserpentin
6TgEwp17,Halbturn
Q94p2qQq,Neudorf/Parndorf
baOYKmlQ,Deutschkreutz
SzMGircL,Margarethen
QgjX6YI7,Kohfidisch
A7jb0SCR,Pama
l4h3egmm,Bad Sauerbrunn
MP1ZUlVf,Klingenbach
zgl8vG9r,ASV Siegendorf
xpITP72L,Horitschon
jFJQssUr,Jennersdorf
jD9zbQtD,ATSV Wolfsberger
lG2CRQ4S,Volkermarkt
IV1yT3zs,Donau Klagenfurt
dA9L2sPl,Matrei
8v7bZE6t,Lendorf
YBJUDhYi,SC St. Veit
d6Ee72E9,Bleiburg
rkIZHSTf,A. Klagenfurt (Am)
nRYwzBN1,TSV Grafenstein
SCfkQquU,Kottmannsdorf
W6vHB7Fc,Dellach/Gail
8Amwqw8p,SAK Klagenfurt
bc840HKL,KAC 1909
KjWljfbr,SV Spittal
GOfrTSa7,Nussdorf
tr5N02LE,Atus Ferlach
8M8EGwL6,Warth
YVqXt6xK,Langenrohr
2LUP3ghf,ASK Ybbs
fsU4qiAK,Admira (Am)
UZlyCqjG,Wieselburg
SlrT0GAE,Ebreichsdorf
C8JBzcH0,Ardagger
0Ul6rrek,St. Peter in der Au
j34Qpsnn,Zwettl
4bTx6ybm,Wiener Neustadt
z9KpYbT1,Ortmann
vD4n46i0,St. Polten (Am)
QwHqHCLH,Korneuburg
UVi57MJj,SCU Kilb
Im1NH7ds,Stockerau
AuSxvAjE,Schrems
6VKWwebP,Vorwarts Steyr
lUiXt686,Leonfelden
p2XLzcxs,Schallerbach
WEVUzHW6,Perg
UXUlB0FJ,Edelweiss
fkz9aRNQ,Friedburg
YmSYyzRj,Weisskirchen
YZo01mgE,Ostermiething
QXKTy4Fm,Vocklamarkt
phZLdHK9,St. Martin im Muhlreis
UFrq6hs4,Oedt (Am)
8za6zdZf,Bad Ischl
IDoG4doP,Mondsee
AR4BloPE,Pregarten
2FQTlN9j,Union Unis Gschwandt
lfVSAS5G,Micheldorf
I33GDJwo,Grodig
tjmfqIYG,UFC Hallein
xE0vwsem,TSU Bramberg
C8SFH4lc,Burmoos
Iwo1Fia5,Strasswalchen
joHnEPe6,SAK 1914
vXaSGAu9,UFC Siezenheim
buNYuLbe,Eugendorf
MyzoNXiE,Neumarkt
8ACOvvmG,Thalgau
Eg9413QI,Puch
Qowrk010,Union Henndorf
ABne2mU7,USK Anif
jJWXqyeo,Schwarzach
pheJiUiB,SV Anthering
23spzrp0,Hallwang
OGaqvtOn,Tillmitsch
tfqqULaR,SV Wildon
Y7rpo719,Ilzer SV
x87CRO85,Lebring
8Ur2RsFE,Hartberg (Am)
MDisrcNj,Allerheiligen
xncCFzh0,Furstenfeld
MLtAczla,TUS Bad Waltersdorf
2gaK5JK2,Weinland Gamlitz
llEOOOo8,Pachern
v1ffXyxd,UFC Fehring
8lKVb6R6,Koflach
UkAJCUc1,Hohenhaus Schladming
C0xcAjHi,SV Union Gnas
jLpEtCaQ,Stadtwerke Bruck/Mur
KW7Tjxd6,Leoben
rXrANFiP,Rothis
0CcUxA5U,Admira Dornbirn
EZiFkHOm,Wolfurt
MLbQwjjO,Dornbirner SV
zFu6EBEB,Lochau
Sbki1Od4,A. Lustenau (Am)
jaZai9eN,Brauerei Egg
0QD471oB,Hard
4fodBuHr,Ludesch
b9LMhTbo,Nenzing
Q5poAJIR,Feldkirch
4x9Wf52L,Rotenberg
dxzdhktH,Bizau
MqkU0CaI,Gofis
UTB3RJoO,Wienerberger
GIMYJgYP,First Vienna (Am)
pb7HHJtD,Dinamo Helfort
AJn9Eu2g,1980 Wien
vNjRdbqb,Lac Inter
AebjulIq,A XIII-Auhof Center
SKA47RHl,Red Star-Penzing
QDJF1BmN,Stammersdorf
06kAjzCD,Floridsdorfer AC (Am)
UcnBX0Sa,WAF Brigittenau
jHkaUtpA,Schwechat
OSvut7HE,Stadlau
GQSSmymb,Slovan HAC
MFMlI3yj,Kagran
KKJpI3P7,Simmeringer
IFb0TLJm,Mauerwerk
21HejI2E,Austria Vienna W
461PX391,St. Polten W
xYUul2I1,Sturm Graz W
ARK3ldXQ,Salzburg W
fNGcxbyr,Sabah Baku
Qgd3eSin,Qarabag
6LBhh46H,Turan Tovuz
4CQ5BXNJ,Zira
d0eNnarc,Neftci Baku
COrGwORD,Araz
pS1pDoFD,Sumqayit
WUDXYotm,Shamakhi
KAl0A5P2,Imisli FK
hEojvsib,Kapaz
n3cad8xt,Gabala
IN7pyP6U,Karvan
6sgOWSIC,Safa Baku
AsIVu8Y5,Baku Sporting
byoGJzqQ,Mingachevir
2THbpl8q,Sabail
4SBRVnYI,Sahdag Qusar
roZLzxyp,MOIK Baku
6m4tx5iO,Zaqatala
dbGwvn3I,Cebrayil
d6AvZMVG,Difai Agsu
8YsfaOKq,Shimal
6gWpBOlo,Al Khalidiyah
lWodcOsN,Al-Muharraq
x0Smg25p,Al Riffa
viL6IWr2,Aali Club
GYVW06rb,Al-Hidd
pr7cceRr,Malkia
tCs21SDo,Al-Ahli Manama
SMp0drcT,Al-Najma
KEE9fgB1,Sitra
K2t60nTi,Al-Budaiya
GjRihMKj,Al-Shabbab
UwXjFqS3,Bahrain SC
8UVfE3sA,East Riffa
KQxJ7Enr,Umm Al Hassam
C48RffKG,Tadamun Buri
lnUvapDA,Al-Ittifaq
v561dFtk,Manama Club
SjtR5hHf,Bouri
lx3vFdf8,Ali CSC
fPUz0Qc4,Al-Hala
nXOejDH7,Al Reef
67dib4SG,Al-Ittihad
zHXnGPCc,Busaiteen
40LLENdG,Isa Town
xjP4eZee,Qalali
htcj68ms,Bashundara Kings
vBusGp2f,Fortis
fVCqgPH3,Abahani Limited
WvSZCTKs,Rahmatgonj MFS
IJIz8OYm,Bangladesh Police
6gHbafQi,Mohammedan
MuG3yiYp,Brothers U.
ImWrQgcO,Fakirerpool YMC
Wbd1dyAk,Arambagh
WMZvNPvn,PWD Sports Club
jDjnhvaA,Paradise SC
CnVvqC0D,Kickstart
lxA02IJN,Brittons Hill
O8NEqBL5,Ellerton FC
2Zhrut6g,Weymouth Wales
SrN51gGs,Bagatelle SSC
zuKr0zrN,UWI Blackbirds
z5IPAZkH,Pride of Gall Hill
rJiXMdQ4,St Andrew Lions
drFESiOP,Wotton
UsCR8gFd,Velez Sarsfield
p2SkCHXs,Estudiantes L.P.
hMrWAFH0,Boca Juniors
lr2YMkTK,Union de Santa Fe
Gdfv0Zsh,Defensa y Justicia
Y9yh1J7G,Lanus
bkDdeAvA,Talleres Cordoba
UVatI5Y2,Independiente
ju1xJoJd,San Lorenzo
80MMdBdN,Platense
8G45bXRA,Instituto
K2sDXbFE,Gimnasia Mendoza
0dHZReql,Central Cordoba
6gMiRHVj,Newells Old Boys
2iZ4q0z6,Dep. Riestra
Eg51aDC4,Ind. Rivadavia
EVqSBe2f,River Plate
QuxS0ahA,Argentinos Jrs
4QmJ2LNc,Rosario Central
Amzaty2s,Belgrano
OhapHPm9,Racing Club
nkwO1uw4,Tigre
xd3lGq3F,Huracan
hW08cP6J,Barracas Central
KQ6kGfyc,Sarmiento Junin
jiDN9Zaj,Gimnasia L.P.
GIb40wNM,Banfield
KpqpxWko,Atl. Tucuman
Eu4qrEcB,Aldosivi
llpcIYF2,Estudiantes Rio Cuarto
tUAxIm6l,Godoy Cruz
OUsrgXTq,Deportivo Moron
SAk2Byml,Colon Santa Fe
AwUaaZjG,Def. de Belgrano
W08WZHui,Racing Cordoba
G4744mrL,Deportivo Madryn
QyXHcisH,Los Andes
M5goTNYs,Ciudad Bolivar
z36c0gcb,Ferro
M939rYCH,All Boys
zTkzrzxN,Acassuso
OIoVFcz5,San Miguel
EJlvsfiT,Almirante Brown
SUoYg6UG,Central Norte
GIp0QG7l,CA Mitre
UJxN1Hii,CA Estudiantes
ppWjiBbd,San Telmo
zRRm2Mli,Chaco For Ever
ttebEY59,Tristan Suarez
bsl9acxT,Gimnasia Jujuy
69lVXxPD,Nueva Chicago
S6GdhCh4,Midland
bH5gFEj3,Temperley
SY0xM9rR,San Martin T.
rPY3pMKs,Gimnasia y Tiro
rPiItCsU,Atl. Rafaela
C8b6pcvK,Quilmes
ARz0G1L7,Club A. Guemes
002DshSN,Almagro
tjcHyBtO,Agropecuario
dUDJAFpp,San Martin S.J.
p6ySwEap,Atletico Atlanta
zHuVaeM3,Colegiales
Gnq6giAA,Chacarita Juniors
rkRIZdfG,Patronato
8doLr0kf,Deportivo Maipu
SbBtVguE,Douglas Haig
h2GNDXX1,Independiente Chivilcoy
GMlTtvK6,Defensores Belgrano VR
2TusrNpA,El Linqueno
lpc6QdKG,Sportivo Belgrano
pflL8dg3,9 de Julio Rafaela
v3jySYeL,Sportivo Las Parejas
ptCcSnC4,Atletico Escobar
4xg5Yq8s,Gimnasia E.R.
I5W0eJ6j,Chivilcoy
IXhIL6ne,Juventud Antoniana
zirJ44ye,Defensores de Vilelas
YPbw4gvq,Tucuman Central
jHM2P3an,Bartolome Mitre
Eu13Klzc,Sol de America
SOgiacsj,Boca Unidos
zT4VjqQp,San Martin Formosa
KrcB5qEM,Sarmiento Resistencia
ATFJy0F1,Sarmiento de La Banda
E3mSorY2,Costa Brava
IVYZUo6s,Juventud U.U.
bo6fClfe,Deportivo Rincon
2cb8Fy5H,Cipolletti
Kjj8VgfM,San Martin Mendoza
08Dzipnt,Biblioteca Atenas
270vfLmN,Huracan Las Heras
jHXnTstG,Argentino MM
n7hQTLN3,Fundacion Amigos
jNqF318i,Olimpo Bahia Blanca
KjyXA6v5,Sol de Mayo
hSVTZkn4,Kimberley
IgDmBAIs,Alvarado
vye9XZvG,Villa Mitre
MRezNp5b,Circulo Deportivo
04Fc108h,Germinal
fiIUhQqN,Santamarina
dC54YFP9,Guillermo Brown
lGgXrqMm,Excursionistas
OblCWSam,Real Pilar
zoYzAZW6,Arsenal Sarandi
AHxDsv5I,Villa Dalmine
6FhebHdd,Sportivo Italiano
6i4SqP6s,Argentino de Merlo
ABogdBtb,Talleres (R.E)
lUMGvZZ2,San Martin Burzaco
lEyJ6qzO,Deportivo Camioneros
E7vZbFyA,Comunicaciones
pbkBY1Me,Liniers
4rI0l5bQ,Laferrere
Qyshek3E,UAI Urquiza
OWCfIUOr,Dep. Merlo
Gfw9rKkC,Defensores Unidos
hniCbg6M,Deportivo Armenio
ITpYXmZp,Argentino de Quilmes
riMKwgk9,Dock Sud
6gXnhiqj,Flandria
OdzWxYEj,Brown Adrogue
fqa2DhLF,Villa San Carlos
Yuyzsp1r,Ituzaingo
t8g6xUQT,Berazategui
x6y9vLzJ,Sacachispas
UJYBkchU,Estrella Del Sur
UoKLWqBd,Lugano
YFOGdO4t,Puerto Nuevo
bZJuidlk,CSR Espanol
OjmPdXBo,Def. de Cambaceres
jeLHXPej,Victoriano A.
f9EqVPz8,Mercedes
UVlWt3yf,Leandro N. Alem
2snTeiRi,Argentino de Rosario
xKMmoM5g,Justo Jose de Urquiza
0pyRj96p,Juventud Unida S. M.
fkgUnmdA,Deportivo Paraguayo
h2TZd2jm,General Lamadrid
n15HQgEH,Yupanqui
2qmvus66,Sportivo Barracas
rDeLvwS1,Leones de Rosario
xbGtn7BG,Claypole
4CKyhxZr,Central Ballester
fkYuJYII,Canuelas
tftR0y7c,Central Cordoba
bFx5u1LC,Fenix
EDkCUD9S,El Porvenir
n9jGcDLS,Deportivo Espanol
OhlztNj0,Club Lujan
xEbPmTt4,Deportivo Muniz
AV3ovsmm,Atlas
SlHoXfyA,Ezeiza
r3Waha8B,Social Atletico Television
M9JR6bN4,Defensores de Glew
4OMFH9rP,Belgrano Zarate
xKzUqYKF,Estrella de Berisso
OGAfVY5M,Atletico Pilar
hURAAtOu,Deportivo Metalurgico
OGWPpE59,Barrancas
4SWq3OrT,Nautico Hacoaj
2PLbeTnc,Everton La Plata
jTZ7jwwO,Provincial
thsLofj3,Juventud de Bernal
CMVwerg2,Velez Sarsfield 2
4j1wNPo2,Racing Club 2
4CGOAl56,Rosario Central 2
jLdFI9ao,Atl. Tucuman 2
4GsKQzrM,Instituto 2
CfoXZ8CU,Talleres Cordoba 2
6eFbFKN7,Gimnasia L.P. 2
2NEcQ61C,San Lorenzo 2
f1POYPfj,River Plate 2
I7xvB9xj,Argentinos Jrs 2
IwiYo4sG,Union de Santa Fe 2
EJWyFbPk,Gimnasia Mendoza 2
MwfEquoB,Aldosivi 2
YmKzQr9p,Tigre 2
ITs1hOLR,Sarmiento Junin 2
SpMY4btk,Barracas Central 2
ImG1OD5S,Banfield 2
ILDOZ8W0,Godoy Cruz 2
Y1sACAyM,Boca Juniors 2
4Iogx8Eh,Lanus 2
jyBYK9H7,Quilmes 2
lhCl7Aam,Defensa y Justicia 2
YiOkiQ4P,Newells Old Boys 2
WGD2ntj0,Independiente 2
6yLx4Iee,Deportivo Riestra 2
OlmBfqnn,Huracan 2
dS0Jhoge,Platense 2
UFJIQPGn,Ferro 2
GlR2nmPp,Estudiantes L.P. 2
2BDuRySm,Ind. Rivadavia 2
ny6T98KC,Belgrano 2
GSo1yNYr,Colon Santa Fe 2
hnSSpOEK,Atl. Rafaela 2
fTvpDxf2,Estudiantes Rio Cuarto 2
WCGa5aSh,Central Cordoba 2
IZhsWIke,San Martin S.J. 2
Kr3LOxgm,Everton
Wtzu8xF1,Din. Minsk
GnDSyToM,BATE
dAlJ9nqA,FC Minsk
tzxamCjB,Isloch
2TVOKuTs,Arsenal Dzerzhinsk
4GTnTwiR,Neman
UkzXzc1n,ML Vitebsk
djQvVaME,Zhodino
nuJA13Zc,Slavia Mozyr
M7jlaLYM,Belshina
Ac6FOcar,Dnepr Mogilev
As405FJb,FC Gomel
xKzy9Iae,Vitebsk
OGWW9bpk,Naftan
IaRzWu78,Dynamo Brest
n1pAZ1iB,Baranovici
00D7Qyz6,BumProm Gomel
rP7DsKU1,Uni X Labs
zcy3nW5H,FC Slonim
46dyxajN,Lida
IDIzhr4n,Slutsk
AXnSf0Lc,Molodechno
rV2iiIKM,Orsha
UkcHixzT,Osipovichi
KdZw7teG,Ostrovets
hb7JLfOe,SKA-1938
QiigrgTs,Soligorsk
QaAU7qkt,Din. Minsk 2
jRl44sxF,Niva Dolbizno
AaRVss3N,Volna Pinsk
ltGB48XH,FC Gomel 2
6X4mSYLI,Minsk 2
zRWiFKMR,Smorgon
ptARVbzo,BATE 2
rRoG4mY5,Minsk FK W
tfhrP0g3,Din. Minsk W
x0c3luU3,FC Gomel W
EqUs66N0,Belshina W
dE05CqBT,Zorka-SKA W
jehOZReb,Dynamo Brest W
nscakFEK,Vitebsk W
25AxSmpK,Naftan W
fPGAGmTq,Dyussh-Polesgu W
SAjjNvOF,Dnepr Mogilev W
vecYdQcS,Belarus U19 W
pxC76Sx9,Smorgon W
r3jWUIiN,Genk
vsnvCI6G,St. Liege
hYaM5Gqp,Westerlo
rVpPxw8H,Antwerp
dYlTycNN,Leuven
WIPDJ0hb,Charleroi
QaqfE8WE,Beveren
2o6njvyG,Kortrijk
EaOtKH1f,Beerschot VA
8EyXqyoo,Lommel SK
nPGA80Sn,Patro Eisden
llsHlZZh,RFC Liege
roazgtic,Eupen
6qX8q0TR,Gent U23
dvKQ8GzO,Sporting Lokeren
UFrQHnFi,K. Lierse S.K.
69jQvOhE,Seraing
dzxbDoFi,Francs Borains
2eOrQDea,RWDM Brussels
x2i5p4w3,Genk U23
KQtAqOh9,Anderlecht U23
Sv4ZCy7s,Club Brugge KV U23
dz4pAvEq,OC Charleroi
fDMcZzU7,Renaissance Mons
WxpjFlH8,Virton
65k5lHxU,Tubize-Braine
EsKgN7vg,Habay La Neuve
UFtam12q,Meux
pYinlVhm,Union Rochefortoise
zqCeoLBb,Hasselt
2B3DpR81,Knokke
MyEeTfHK,SK Roeselare
zVIU7zjU,Hoogstraten
6JfWKsha,Thes Sport
OCO8JokF,Belisia Bilzen
dUop07lD,Lyra-Lierse
ri6d7xb2,Tienen
YwRCnZX6,Cercle Brugge KSV 2
0YB13nJ9,Zelzate
Gtn85nC3,Dessel
IFoP2ibg,Merelbeke
QZRpJyH0,Houtvenne
dGM742C0,Leuven B
lfpG3QtG,Diegem
ShFDaTCO,Ninove
KrA1bHI4,RCS Brainois
IFQpPT9t,Stade Vervietois
jVNfAUfm,Onhaye
zcUtpkYa,Flenu
YTIiKu3M,Ganshoren
SOZGO6K6,Hutoise
jmvRV1mj,Raeren-Eynatten
l4Sks04r,Ostiches
jLeuLLmG,Jette
vRJ6vw3L,La Calamine
8nqfbpod,Acren
UqL1y4bA,Entite Manageoise
M9gB6ZAO,Richelle Utd.
zTeOY3wc,Binche
za6O1CJb,Aywaille
MyDBjhR8,Sporting Bruxelles
E54TvKNM,Tilffois
hnonGU12,Tournai
08Ua8dLH,Mandel United
QVo2FYuo,Diksmuide Oostende
2ms7xJ7K,FC Lebbeke
EyovaYAB,Oostkamp
QqvvHkd7,Wetteren
SfWiAIj5,Torhout
jVEqlIzH,Petegem
2RkhFXHr,KRC Harelbeke
SUwe3UNT,Kalken
Of7riKL9,Hamme
jyWoojTI,KRC Gent
Kt4pfLrR,Waregem 2
vJYCrKJa,Westhoek
ppeEiJyF,KV Mechelen 2
I5WlDvMh,Oudenaarde
M1c7lv64,Gullegem
4QCcvgQF,Heist
GtbiyL29,Londerzeel
AqKAqYtr,Eendr. Termien
p6QjbX4i,Antwerp B
nk22wDuM,Boom
zJ0dXRuF,Bocholter
tvMMLOrh,Wellen
IVAG2tsD,St. Truiden 2
0bTFm4qI,Hades
AyWi8xLd,Nijlen
rVlKLoRd,KRC Mechelen
AeNh4nZS,Tongeren
MHVe9x6B,Cappellen
h4HV0oJm,Rotselaar
2ielJxeq,K. Berchem Sport
l2KeWFvk,Berg en Dal
vsBR228j,Lommel SK U21
ChMynFHA,Westerlo U21
6RNT0du7,Kortrijk U21
IJDYtZAi,Seraing U21
dpsswiAG,Daring Brussels U21
dpPuDfvI,RAAL La Louviere U21
GErk6iRn,Beveren U21
CnscFoWm,Patro Eisden U21
pWrKNBAT,K. Lierse S.K. U21
4GPjIkYj,Beerschot VA U21
QLdfKxTR,Francs Borains U21
nLjYLQYI,OC Charleroi U21
2slMFdyq,RFC Liege U21
I9I2jkpo,Leuven W
j3Am9obj,RSC Anderlecht W
rkZnBUjN,Club Brugge W
C4PI58Ep,St. Liege W
GW6kP4gf,Leuven II W
YNqwQpvl,RSC Anderlecht II W
4zvJmqs5,RAAL La Louviere W
YL3b9bQE,Olsa Brakel W
z1ZElPRb,Bilzen United W
pbMsCa80,Waregem W
AmN5CW64,Tienen W
AijMGsEm,Mechelen W
SAhFg38r,Famkes Oostende W
zwJ8PO80,St. Liege II W
n5HDn7sH,Club Brugge II W
CGf0FXHD,Mons W
zHZKSYpL,Femina Woluwe W
Ctbpcqch,Moldavo W
OINwk6Nf,Coton FC
2cV8Y2rB,FC Loto
8fyzLafj,AS Sobemap
tnT04CYC,Buffles du Borgou
bgFAWOdP,AS Cotonou
COwfMqot,ASPAC
jVIEC35g,Damissa
hGiehVeH,Dynamo Abomey
tCHxw8Xs,Dragons
AXYFAsz6,Espoir
A7jUvKwQ,ASVO
lOXJ91kC,Hodio
pGgxHKFK,Ayema
2TvkehCO,Krake
0r7sAAAQ,Bani Ganse
tjs0Zc1m,JS Pobe
r5F6EPzs,Cavaliers
ULHIBNKa,Dadje
Y3EkByI4,Dandy Town Hornets
drZDS9wj,Devonshire Colts
SxAQEj9j,PHC Zebras
xxLtDcmh,North Village Rams
Oxy69FnH,Devonshire Cougars
CCblEh94,X-Roads Warriors
ptb9Pacq,St. Georges Colts
27vQ46bD,Paget
YLapFYgb,YMSC
pd5GNgpD,Boulevard Blazers
jymyugz8,Paro
QXJWUysA,Thimphu City
MNjqD2x5,RTC
27n3Un1s,Transport United
WGQQbCHf,BFF Academy U19
dWbdNOyO,Ugyen Academy
pxj8vDHr,Tsirang
biHkWPpo,Tensung
OCxMRDb5,Southern City
EHsPzVG7,Samtse
hSlWpwD9,Blooming
tryqNMHF,Always Ready
WImzpcSF,Bolivar
hUyau0Vc,Nacional Potosi
AoMZyUBM,SA Bulo Bulo
Wfi42xS2,The Strongest
Oh2AVRlj,Academia del Balompie
A3aRoJc3,Aurora
YZkmwZZe,Real Potosi
Crksl26f,Universitario de Vinto
Ch7Q7a9K,GV San Jose
Sxmuue5q,Oriente Petrolero
KG3q1tio,Real Oruro
8AXozsR8,Independiente
SlIKwGVI,Tomayapo
vmm0pHsM,Guabira
4MMs5Su9,Ciudad Nueva SC
SKJiefG8,Rio San Juan
GpGKYvBR,Fancesa
AFPnlZW8,C.A. Chocorosi
IDdiI5q9,1 de Mayo
WUDenD1L,CD Guadalajara
2PSMCa4k,Central Union
2D4RtiPr,Ingenieros
6V5y815A,Torre Fuerte
SMGvylRS,Nueva Cliza
0hYljhSB,Nacional Sucre
dCczuVge,San Juan FC
UPerw9O7,Olympic FC
O6HaSiAk,CD Ingenio
pYwV0CGE,Chaco FC
Aoj81ds9,U. Sucre
Iiq1hkd3,Deportivo Shalon
YJiRPPTo,Libertad FC
Mo5mq8Va,3 de Febrero
h45W8ePb,Tiquipaya
fiRclWdO,Municipal de Tarija
xWI9gU8l,Pucarani
rPCZ3exm,U. Pando
48kC0GdF,Wilstermann
pWGUPhrD,Borac Banja Luka
0C6tPiIc,Zrinjski
MNOCxFD0,FK Sarajevo
Q7LPqcLQ,Velez Mostar
6JCTNVDE,Siroki Brijeg
SG7iuHTs,Zeljeznicar
dM6rZYfN,Radnik Bijeljina
Mw7evyql,Posusje
Msi3obt0,Prijedor
bP7ZWphI,Sloga Meridian
YPK4LZDD,Celik Zenica
6kR1orio,Jedinstvo Bihac
AXvbvsXb,Stupcanica
joXfpJjE,Travnik
jwecIGr5,TOSK Tesanj
vZnNZOLP,GOSK Gabela
W6sFQQph,Hadzici
hdxAdNGg,Tomislav
6Todlkcf,Sloboda
pOSNFOZf,NK Vitez
na1RwRTJ,Banovici
WtTpYkql,Bratstvo Gracanica
fg3peQO7,Igman K.
O6WfP8iT,Tuzla City
vRReNeq1,Laktasi
hn7wW47O,BSK Banja Luka
UyWbqw6K,Leotar
YZcveBlG,Drina Zvornik
MkH0MFb7,Slavija
Gj8ZQoGU,Zvijezda 09
tUfIwMoJ,Kozara
tCacn69Q,Sutjeska Foca
65aF0CPE,Romanija Pale
4tJKvV2e,Famos Vojkovici
KSmH6tgU,Nevesinje
6Z2jSQ91,Omarska
d61lB1oS,Vlasenica
bgq7SnGu,Novi Grad
vuNkSFZt,Gaborone Utd
zXtPs5Kp,Jwaneng Galaxy
GIR5AAUn,Centre Chiefs
IHxkNE2h,Sua Flamingoes
xzhtHejD,Orapa United
ALFJhbmQ,Nico United
p0BPosHF,Morupule
jokF0t0O,Township Rollers
KWq5DY1E,BDF XI
OzupAtDh,Matebele
CEKGPzQn,Police XI
UBmhqvzJ,Tafic FC
xfVSXhLU,Black Lions
E3p99Uqg,Extension Gunners
8rkl0f2t,Calendar Stars
zet5dC15,Santa Green
E5OOzgs4,Levski Sofia
GrLjfV3M,Ludogorets
0xFNNECi,CSKA Sofia
fgaHZGUb,CSKA 1948 Sofia
zFPKyZRc,Lok. Plovdiv
EeRUF2go,Cherno More
G4CP0a82,Arda
UopPSUlp,Slavia Sofia
xp9SXWBG,Lok. Sofia
xzz3KroU,Botev Plovdiv
revfhoot,Botev Vratsa
0CpyYs0O,Dobrudzha
zof0uk4j,Spartak Varna
4MyeM4GH,Beroe
8nkL4WbD,Septemvri Sofia
KlnUda9s,Montana
dhGu1AeM,Dunav Ruse
Wjajeq2r,Fratria
6FBf6ewJ,Yantra Gabrovo
69Af3hdc,Vihren
Ewt618S6,CSKA Sofia II
IeVD4qkM,Chernomorets 1919
rDzaLOVN,Pirin Blagoevgrad
OICsE7P8,Etar
t8sdYius,Lok. Gorna
IwK3Sxle,Hebar
4Ktg0O16,Ludogorets II
SOb31WQ9,Minyor Pernik
pb8z6fyK,Sevlievo
W68WWjRM,Marek
Ee3kfcg0,Spartak Pleven
KfDQ6H86,Svoge
6qIPe9Nl,Belasitsa
Gb6i7Smd,Nesebar
ro8q9lJq,Maritsa Plovdiv
rNSugeVl,Levski Karlovo
x87m88Yk,Neftochimic Burgas
xSWBpOcj,Yambol 1915
pGv7Yi06,Maritsa Milevo
Cpl3qSPL,Spartak Plovdiv
GIVFqrDd,OFC Haskovo
dQWqhFpe,Rozova Dolina
bi2C6LW1,Sozopol
Ya3YX64M,Zagorets
AsAYyGV1,Gigant Saedinenie
8t7CVke9,Rodopa Smolyan
EyLIfHM0,Lok. Plovdiv II
C4QNVPQj,Atletik Kuklen
IySW7UNi,Sekirovo Rakovski
K03871He,Dimitrovgrad
WCfeEd7E,Asenovets
UJaNsWaD,Rakovski 2011
WWDpewvf,Rilski Sportist
Svl4CzxR,Strumska Slava
AiTY7qzI,Botev Ihtiman
b3dGiv2O,Slavia Sofia 2
2BBYgmh1,Kyustendil
SScr7Eal,Kostinbrod
pzHTfTxe,Oborishte
tbSlFkD2,Balkan Botevgrad
CnSqZtZB,Slivnishki Geroy
M3ho8Nnq,Razlog
Mowbi50n,Septemvri Simitli
dArgbmrK,CSKA Sofia III
joukWniE,Septemvri Sofia 2
QkzUA12n,Levski Sofia II
CxEoVvGJ,Bansko
EBoYeJOm,Gotse Delchev
pKzW7fpr,Germaneya
E9iCTFyE,Vitosha Bistritsa
tG7NK5t3,Chernomorets Balchik
KMjvJDS1,Ludogorets III
2LfrUtP9,Septemvri Tervel
txcdyo74,Volov Shumen
44cbgNWf,Benkovski
GSLsfB2j,Cherno More II
dOizW2fc,Chernolomets
vcbbI8IS,Ustrem Donchevo
Uw5KEJ7D,Olympic Varna
EaCD9gki,Dorostol
nZa4ZOyH,Fratria II
CMQl7CEO,Spartak Varna II
nFyNMohB,Aksakovo
fHd6xNaK,Svetkavitsa 2014
htCxNW3c,Botev Novi Pazar
UiYUuyzF,Riltzi
fgBFrnuS,Svetkavitsa
jiIBQGI7,Akademik Svishtov
rPO0ERvF,Mezdra
WYsqUuvK,Bdin Vidin
8jF9Bc1D,Kom Berkovitsa
82kNK994,Etar II
Ac04EaHf,Pavlikeni
U96QXMhL,Yantra Polski Trambesh
b1blFRRK,Partizan Cerven Brjag
Wty5yPAm,OFK Levski
YPbP0Gzq,Troyan 2025
jP4Bhlna,Juventus Malchika
dUDTZCdA,Lovech
EiRd35CK,Rahimo
UZVjEcQa,Majestic
vumapfhE,USFA
vohISguL,Sporting Cascades
ShQaQMYS,AS Douanes
2ZTS8hZI,ASFA Yennega
fBqR7wGD,ASF Dioulasso
t2Zj23Dg,Salitas
zsZ5MCvI,Kadiogo
YaomitHM,RDF
bToK7sD7,Vitesse
86IQ9fzF,Sonabel Ouagadougou
IFePG7vQ,CFFEB
fRwo5x9g,Etoile Filante
tbHQUIAt,Bobo-Dioulasso
pjWljATh,AJEB
IHTx6E4O,Svay Rieng
65FkANOd,Phnom Penh Crown
rg8P1Q24,Angkor Tiger
nTwXs8l1,NagaWorld
MuJGOXzi,Boeung Ket
ERFR3ZYA,Moi Kompong Dewa
Y1bbY8ip,Bafang
IB1gnyvJ,Cotonsport
tto1EEn8,Bamenda
vLt173Om,Gazelle
27xPRZxk,Colombe
48ckmHOC,Canon Yaounde
xzuSCh18,Dynamo Douala
MPLYHPAs,Panthere
rczUOCZn,Victoria United
G87EIVIl,Stade Renard
xbAIWGw5,Fauve Azur Elite
6cHw78m1,Aigle Royal
0dGuEAp0,Fortuna Mfou
Ctkhc1eF,Aigle Moungo
fgWq3LpK,Atlantic
xbqcqbki,Sable
p69GrIhO,Les Astres
zqydjywf,APEJES Academy
6oVNewwf,Ngoketunjia
QwivRKnI,AS Fap
jTsPWvKd,Union Douala
SWSRNQ3r,Eding Sport
nqPdYa33,Kumba
vHNaNZGe,Avion Academy
2aqbuIhD,Union SA
ERjLSiWD,Bamboutos FC
xO2rys06,Bafmeng United
UV6dhgIN,Yafoot
QFZSkVge,Bafoussam
A3XYIod2,Tonnerre
K2kdlC2P,Forge
EHhWJdNd,Cavalry
ddtteDpd,HFX Wanderers
lzoqHf7F,Inter Toronto
EJdYTitI,Supra du Quebec
AqnuIzh9,Pacific FC
2JZmqbTp,Vancouver FC
xdCBerfb,Atl. Ottawa
dtxbk9vo,Scarborough SC
SvtYiWY7,Serbian W. E.
QTAQ01oS,Unity
rmSjgjD5,Aeem Canada
6BtZsN13,Foullah Edifice
ljt67esH,Yves
fD4c3xYP,Sovotours
f5K1qMG0,Renaissance
vwMX58dg,Emat
rPcCuZuJ,Colombe
GYcKRU1F,Stars J. Talents
joX7cky0,Gazelle
pIZE5ZBT,Galactik
lndSP8WR,As Dgssie
CW5xMidc,Fehra
lfMtrcrA,CotonTchad
lAAYjK6l,USM
vyVAI1p5,Tourbillon
th4HPIws,Colo Colo
YPTUuyqJ,Limache
Qe432hiO,U. Catolica
xW771C6U,U. De Chile
vVvwgdNn,Nublense
hYrshGxg,O'Higgins
SlhZpIaP,Huachipato
hWejMZ6h,Coquimbo
6BcMMext,U. De Concepcion
rN3Jxc8g,A. Italiano
M34g8ulJ,Union La Calera
d6kYgx8t,La Serena
U35cjf75,Palestino
YeUwzehC,Cobresal
GKJrZE7I,D. Concepcion
KhQZzyw6,Cobreloa
WMffLgMb,D. Puerto Montt
jc0w1RUn,Recoleta
hhzzduQ7,Magallanes
QVQVyHNa,Antofagasta
rJpx869i,Deportes Temuco
hxNnWi6H,Copiapo
bFNrXXjB,S. Wanderers
hSKmWrtQ,San Marcos de Arica
tjbndIRL,San Luis
p2dQLFin,U. Espanola
b7yIrwa0,CD Santa Cruz
IsMuMZ5C,Deportes Iquique
viNyNFj6,Curico Unido
MeQbiiaI,San Felipe
QZfOjEMB,Rangers
xEBelGnm,Santiago City
d8hSNK6p,Trasandino
6eKp1R3Q,Concon National
xbCvJ2uj,Brujas Salamanca
U93Xvyym,Provincial Ovalle
fwwTlklO,Real San Joaquin
Akun0Y7A,Atletico Colina
vT50S0bT,Colchagua
neroizha,Osorno
4YYp6pv4,Dep. Linares
EopaKDy5,Lota Schwager
jotL4KLJ,Deportes Rengo
4QgSkYyI,S. Morning
M9qt7QOc,General Velasquez
UFk9Utuq,U. De Chile W
jm1XLzyO,Colo-Colo W
OluZYMWR,U. Catolica W
vLhHSRZp,Coquimbo W
25j1X9jJ,U. De Concepcion W
fTz4jVRi,U. Espanola W
KW8yG1ud,Palestino W
fo2YH3fo,Huachipato W
pvc7jXjs,Deportes Iquique W
bs1Bki6m,Deportes Temuco W
pzVQNgr4,S. Wanderers W
CMWIPFDi,Recoleta W
nP0FB5ut,Magallanes W
ILi3oBgH,Chengdu Rongcheng
niRb526o,Chongqing Tonglianglong
EJp81K5A,Yunnan Yukun
K8GO0Wwb,Liaoning Tieren
08kX8Xr0,Shenzhen Xinpengcheng
zDctmLjH,Dalian Yingbo
0QkqH4Gf,Qingdao West Coast
ncsQGOBL,Zhejiang Professional
O88o93rn,Shanghai Port
Ywy81Djb,Henan Songshan Longmen
27dl0BzH,Shandong Taishan
WSLjVBLN,Beijing Guoan
SfLUTe08,Wuhan Three Towns
r5AIrq5q,Shanghai Shenhua
KbZy1iLA,Qingdao Hainiu
tCx1gsk2,Tianjin Jinmen Tiger
EHTX2bml,Wuxi Wugou
YBKSajg4,Nantong Zhiyun
ADfzkPiR,Guangdong GZ-Power
j7x3pq0r,Guangxi Hengchen
KnUJt1a7,Shenzhen Juniors
vRYVjFPu,Dingnan Ganlian
lC3AGHHm,Yanbian Longding
veXfLgXT,Dalian K'un City
bcTD1PG7,Nanjing City
QqH544iE,Shaanxi Union
2sQT3vYs,Shijiazhuang Gongfu
tjVnmXO4,Suzhou Dongwu
r7NA6VcD,Meizhou Hakka
nVRu1xI0,Foshan Nanshi
jZX9VVzU,Changchun Yatai
Of5vFHsI,Ningbo Professional
AHaCUsz3,Shanghai Port B
dMvA5gcE,Taian Tiankuang
pQPfB54L,Dalian Yingbo B
vq7b83U1,Lanzhou Longyuan
4A6R5qSr,Dalian Kewei
biPhNRv1,Shandong Taishan B
8U7PWPVr,Changchun Xidu
MekweOL4,Qingdao Red Lions
ATKpaizr,Nantong Haimen
C6dnfM3T,Shanxi Chongde Ronghai
GEHfj2DB,Beijing Technology
IXCs21R7,Shanghai Second
jVWEVeL7,Guizhou Guiyang
dIOY3Nde,Xiamen Feilu
8CJGOAA1,Hubei Istar
25bRv0bL,Guangzhou Dandelion
W2NCMiB7,Chengdu Rongcheng B
zsK28iT0,Jiangxi Lushan
xOvFssp1,Hangzhou Linping
nRHE5gqe,Shenzhen
UwReQZBr,Wuhan Three Towns B
4nrI3XRQ,Ganzhou Ruishi
8vTy2I2f,Wenzhou Professional
YDMHOm8N,Guangdong Mingtu
fgouyTkf,Beijing Beikong W
8tHAh12e,Liaoning W
U5n0i04T,Jiangsu Suning W
Ua14WwXr,Shanghai RCB W
00opOylF,Wuhan Jiangda W
jBrfwq0s,Shandong SL W
zLz41j01,Changchun Dazhong W
bZFSikbP,Guangdong Meizhou W
Qab3SCx4,Zhejiang W
2ZoSZzlp,Shaanxi Changan W
nXO1DTs9,Yongchuan Chashan W
4UwNoTQ0,Henan Songshan Longmen W
C23omttL,Atl. Nacional
GdemgvJl,Dep. Pasto
bLphhbYf,Deportes Tolima
bVsnDlMD,Once Caldas
ptqMix37,Junior
Oh9HQv4e,America De Cali
GWDKnMQE,Dep. Cali
Ma0BXUXe,Aguilas
KK2QOIY7,Inter Bogotá
OWsQjdID,Millonarios
KzwFLhIU,Llaneros
I1DMa0eR,Bucaramanga
6HbMPbJ1,Santa Fe
p2ADRKlk,Ind. Medellin
8YJQcU38,Fortaleza
zs0leK3r,Cucuta
GfFNymsk,Alianza
hCwaFc4a,Jaguares de Cordoba
ULWUFrRR,Chico
CYojC8yK,Pereira
8tIHbqDh,Inter Palmira
6eofBSjQ,Cartagena
tpLItk4L,U. Magdalena
zms5B2Zr,Quindio
xtFGm2B8,Envigado
25WDovil,Ind. Yumbo
O8ANu9JR,Barranquilla
EcJJz8BQ,Tigres
foERz7de,Bogota
ET6jTFPs,Orsomarso
tUWKtMms,Patriotas
6yoKBtoR,Boca Juniors
ze01M68P,Real Cundinamarca
jD7zZpR7,Atletico F.C.
nPIUdlJE,Real Santander
IZmBcNVO,Leones
Q9RoAthL,America de Cali W
QqMTUljK,Atl. Nacional W
IqOwC2N8,Inter Palmira W
2mIfT13j,Millonarios W
O0R1l3uG,Dep. Cali W
jcfEecbA,Santa Fe W
CxsDTFXP,Ind. Medellin W
fmMHrWmJ,Inter Bogotá W
ENj25cgh,Llaneros W
fwgWAXue,Orsomarso W
841aFJKL,Fortaleza W
jZTKMQc0,Junior W
UTkDNG4l,Real Santander W
KnTQ7u04,Bucaramanga W
vgPZCr82,Dep. Pasto W
OdJjUslp,Once Caldas W
GnAYrbjA,Northern Tigers
WhPKyxFo,Blacktown Spartans
rV65FMHL,Bankstown City Lions
6wbu9yrJ,Rydalmere Lions
KlSzvPd2,Bulls Academy
dMKm9Kfk,Macarthur Rams
675GFd6g,Hills United
bVkuzCZ4,Hakoah Sydney
0bNJ74JO,Canterbury Bankstown
dESJ4du1,Hurstville Zagreb
Gvlua7I4,Western City Rangers
8Q1StIAl,Dulwich Hill
S6N6ioTr,Prospect United
OW9O6d1j,Inter Lions
buHBHdQ6,Kingsley Westside
6VbWuSTH,Floreat Athena
8QyrmkUu,Mandurah City
8ISCkD07,Quinns
WxaaThNc,Nedlands
virVnCv5,Gwelup Croatia
0tBmjHYs,Murdoch Melville
lvu16VFp,Joondalup
vexU8y0G,Subiaco
vqcvv6bU,Inglewood Utd
A35Nsla5,Cockburn City
McGgmgXI,Curtin Univ
KCm3Ukdo,River Plate W
G83MVCu9,Racing Club W
pjF54UoA,Banfield W
IVEZmcN8,Gimnasia L.P. W
CKQ6l2L1,San Lorenzo W
YFB15AW3,Belgrano W
82bURYxU,Social Atletico Television W
SdNSNeCC,Boca Juniors W
jidyl1Za,Newells Old Boys W
KWmhpJYO,San Luis W
4l3fWkFD,Talleres Cordoba W
Ygmko1FC,Huracan W
n99Rj4Hc,Ferro W
Uey2kr6e,Independiente W
dhw8TNn9,Union de Santa Fe W
I3EQFAwa,Lanus W
hMn9FTbH,Palmeiras
QgP0oAUH,Sao Paulo
EV9L3kU4,Fluminense
WjxY29qB,Flamengo RJ
UeD7XtzM,Bahia
UoAxb1Tq,Athletico-PR
KGO4pUqO,Coritiba
hGLC5Bah,Atletico-MG
jwKvKhGa,Bragantino
jXzWoWa5,Botafogo RJ
E1EFmhVh,Gremio
2RABlYFn,Vasco
tSCiHj0I,Internacional
8bSbHipn,Vitoria
n3QdnjFB,Santos
QBGfQbSe,Corinthians
jcQV3XP6,Chapecoense-SC
2i0B6Zul,Remo
0SwtclaU,Cruzeiro
pQ8ryEe7,Mirassol
hfAZyE0t,Goias
rPzY7fWt,Avai
CW8Nm1GL,Operario-PR
2yRUzy5N,Botafogo SP
8ODJnCpa,Nautico
p0JrJCV5,Ceara
Y3E1Lrj3,Vila Nova FC
INXlw5Bp,Athletic Club
KIBeGAFO,Sport Recife
xdhbBEVA,Londrina
Wp4nyhLR,Sao Bernardo
48b7cubd,Criciuma
42FbPIs2,Fortaleza
QHa3bLrj,CRB
4lOgZPQl,Novorizontino
zVvjqDOo,Cuiaba
WlHjRvDk,Ponte Preta
xUT0Bp8o,America MG
GS36K259,Juventude
8M0mP8nt,Atletico GO
KEFEyzRf,Ituano
A3Optsac,Maringa FC
MkwKrigb,Brusque
6cfVpFuD,Floresta EC
p0NN5gef,Santa Cruz
URQ9q4vA,Paysandu PA
Cn683fHp,Botafogo PB
zk9LAfeq,Amazonas
joO7tfhP,Figueirense
WMZyrhsE,Guarani
z5YQ59CN,Maranhao
Ekl6KsWC,Ypiranga FC
pAPVj72I,Ferroviaria
lW2Ya3Lu,SER Caxias
M50amPSA,Inter de Limeira
zs0bUylR,Volta Redonda
zwumdiV2,Itabaiana
bqI99Oxb,Confianca
zVlJaAGK,Barra FC
jg6yWEFB,Anapolis
UykdNnHh,Nacional-AM
4IXvVamF,Manaus
S6kAqK5S,Sao Raimundo RR
MHmuuqsd,Manauara
zBt6AvDm,GAS
jqK8s5AT,Monte Roraima
U9aFoKpL,Porto Velho
lv0doumt,Araguaina
rHujuINl,Guapore
OGXY5eIR,Galvez
ATscCWob,Independencia
CWbud2Gb,Humaita
zPtZ30K2,Gama
bLywEGoh,Luverdense
b3NnIWpC,Brasiliense
hCvu6hRA,Primavera AC
fyxshtGm,Inhumas
G0vkzkvI,Aparecidense
2VIUvo58,Capital
AVrEgNle,Operario VG
6DRFfyiU,Goiatuba
ELwfrXwh,Ceilandia
IHSdX7h2,Mixto
pjjtZ8A6,Uniao Rondonopolis
2mg2n1Vp,Aguia De Maraba
GGpeNM7q,Trem
E3muGpNu,Imperatriz
KYKhHg5r,Tuna Luso
dnDWGBkd,Tocantinopolis
61dkYD53,Oratorio
U7xaKToo,IAPE
0UQkSpt7,Maracana
ERLziAcU,Parnahyba
x2ECsOin,Iguatu
WnwkP1M3,Moto Club
AeXagkFL,Sampaio Correa
beiQicyd,Piaui
0UkwhBW8,Ferroviario
Kpm6oILq,Fluminense-PI
Kb3MZSs8,AE Altos
vRjItq3q,Atletico-CE
xOpDuLLb,Tirol
zTg3CRXp,Maguary
IoDnSKcq,America RN
h6lLmE2m,Central SC
Qi5HhVmE,Laguna RN
hpXuIYG3,Sousa
EFuw3KZ8,ABC
GYNLRrfT,Treze PB
lnY4KZdR,Sergipe
bRDG9V1M,Lagarto
YFpJCGdd,Decisao
0YeOFpvs,Serra Branca
nyt8uSz4,Retro
plYf7txN,CSA
6HMrrrMF,Juazeirense
pSvLPNii,ASA
MResdxxf,Jacuipense
IHqb4msL,CSE
AmYgbcTm,Alagoinhas
AwxgOLyA,Ivinhema
GpFSep0a,Uberlandia
Cxliihhc,Operario MS
UBvz183i,Betim
tGzU1jso,CRAC
zL1XtcjP,Ouvidorense
YLsr1RkC,Porto-BA
bo9r6pAI,Tombense
rireu5r8,Democrata GV
nkpKp4U2,Rio Branco ES
YBTMxtnj,Vitoria ES
tj3L8kHS,Real Noroeste
p8BbLd4m,Agua Santa
G8jhxPQj,Pouso Alegre
W6KG4VEb,Portuguesa
MVetMLIi,Portuguesa RJ
MTCPVw48,Madureira
8xus2vkF,America RJ
SWqdMeSE,Piracicaba
xW7xjZkH,Marica
6idiTLqA,Sampaio Correa FE
CMcDTUJe,Velo Clube
OG7nzYAD,Noroeste
6ZOUj7Tc,Nova Iguacu
h2lQyfW7,Cianorte
QamTNjZC,Joinville
QHmADEiF,Cascavel
QmwOuCJg,Santa Catarina
ADNyNvZM,Guarany de Bage
zwfsXM5l,Sao Luiz
Ysaf3TuJ,Blumenau
SCQDS2UC,Brasil de Pelotas
4WlWHbGF,Marcilio Dias
x2F1btyE,Sao Joseense
E72IU392,Azuriz
W4mjV0z1,EC Sao Jose
WfRgdetj,Sao Francisco FC
Cj8IgZc3,Santa Cruz AC
6k1RiDSF,Atletico Acreano
QTViMEsn,Andira
GQjKcwPq,Placido de Castro
Qu2tack9,Nauas EC
WISjwHNj,Sporting FC
SOS0nh93,Miguelense
hQ4xNypM,Alianca
hve1DxAk,Jacioba
zqpA0K8o,Zumbi
rwNT5DMq,Sao Domingos AL
6wkXymlJ,Penarol
KW1xUORC,Taruma
C4sOAaUI,Unidos do Alvorada
CEayNvnb,Manicore
x8E0TCge,RB do Norte
IwfjbfN9,Operario Esporte Clube
UkgKtcki,Itacoatiara
MRlzq308,Sul America
vLPBFBfJ,Fast Clube
Ye9YOWp9,Cliper
ARKkmIRH,Jequie
WGt8En5I,Barcelona
Mgb6xoWr,Galicia
2gB76zvb,Bahia de Feira
Ozr6Fqx0,Camacari
rNyifBZH,Vitoria da Conquista
f3dB2DHt,Fluminense de Feira
2D7jm0F5,Jacobina
zypGSf6P,Leonico
K8LnNYTn,Grapiuna
nykB6Frg,SSA
rJS97Yan,Barreiras
CbKQ3jaB,Redencao
IeNY1UTN,Feira
fqXDlV1B,ARUC
QujSIv19,Brasilia
MqwHqJpN,Planaltina
4bQ9i2tf,Cruzeiro FC
URXU4TRT,Luziania
ILtE9ePa,Gremio Valparaiso
OMm5BHfm,Riacho City
je0zw3R0,Candango
lIrU6MMG,Serra
Cxnzqagj,Estrela do Norte
2DQyx7QO,Forte
ppPIY1sk,Linhares
YTFGfuTA,Pinheiros
6RjndABt,Galatas
8YsbeoZN,Sport-ES
QmZVJFkF,GEL
pn9hdjP3,Bangu
44Yk0IJR,Boavista
hA1Zm19f,Arsenal
Wtn9Stg0,Manchester City
ppjDR086,Manchester Utd
W00wmLO0,Aston Villa
lId4TMwf,Liverpool
4fGZN2oK,Chelsea
xYe7DwID,Brentford
KluSTr9s,Everton
69ZiU2Om,Fulham
2XrRecc3,Brighton
WSzc94ws,Sunderland
p6ahwuwJ,Newcastle
OtpNdwrc,Bournemouth
AovF1Mia,Crystal Palace
tUxUbLR2,Leeds
UsushcZr,Nottingham
UDg08Ohm,Tottenham
Cxq57r8g,West Ham
z3dmTMMO,Burnley
j3Azpf5d,Wolves
GOvB22xg,Coventry
thqhB2MB,Ipswich
6F0lvLNC,Middlesbrough
6uz2cJBL,Millwall
S66R0t75,Hull
WdKOwxDM,Southampton
IgO7K1ZA,Wrexham
Iug0YO0Q,Derby
Qo6off6p,Norwich
UmMRoGzp,Watford
MahqU27I,Bristol City
lrMHUHDc,QPR
hSUajdSS,Stoke
x8IDVcbi,Preston
K6xezbY7,Swansea
SWk4muv7,Birmingham
MeKPSerA,Sheffield Utd
fXf5mQ7t,Charlton
6Nl8nagD,Blackburn
CCBWpzjj,West Brom
zckREQFJ,Portsmouth
KrrdAMyI,Leicester
vgOBT43c,Oxford Utd
llcCvIcG,Sheffield Wed
hrHTRs5B,Lincoln
hO8wh6aP,Cardiff
bsc3EJ27,Bradford City
Or1bBrWD,Bolton
IX6WjNvr,Stockport County
ANwyQM2M,Stevenage
WpGM6ELj,Plymouth
EmlVDpVP,Reading
xxxpBZl2,Huddersfield
SlybbadF,Luton
hl2V5JIl,Wycombe
t6G9wMZN,Mansfield
tWeI85kh,Peterborough
UNGEKMx6,Barnsley
KKyYcus9,Leyton Orient
4KREuF43,AFC Wimbledon
hlzYDy5q,Doncaster
MgHlK2Na,Wigan
nwCtJaJT,Burton
8EFIJthC,Blackpool
ve14a3l4,Exeter
KMfM7P4b,Rotherham
l4P6dwRR,Northampton
U3lM3y4e,Port Vale
Opdcd08Q,Bromley
f9KDxtkU,MK Dons
EwJVdqzn,Notts Co
lnb8EJRp,Cambridge Utd
xSloasB8,Swindon
W4AadhN3,Salford
dQIMIN5n,Chesterfield
YacqHHdS,Crewe
O4voiHlk,Oldham
OEaiS3za,Grimsby
4KcaFam1,Barnet
YgrfcLuL,Walsall
xYu73rNn,Colchester
tCZ3D68d,Fleetwood
GILi6JC9,Bristol Rovers
6ZvdGuYf,Accrington
WvZyDeKk,Gillingham
EqfQ6qK4,Shrewsbury
jizXHcsM,Cheltenham
QVmLl54o,Crawley
jVhkb1QE,Tranmere
ChwgcrNJ,Newport
KKJL7QXd,Barrow
CQv5qrFt,Harrogate
EcHUrsed,York City
bm2Vlsfl,Rochdale
dUzTIwSF,Carlisle
rDX0q8Z3,Boreham Wood
r5LLTyT3,Scunthorpe
v7ZNnsJG,Forest Green
tGwiyvJ1,Southend
nXxWpLmT,FC Halifax
Q1YuCFZe,Hartlepool
6kmzF1qt,Tamworth
0fDQqNuj,Woking
UyQsXsNl,Wealdstone
xAcLgIDU,Solihull Moors
CpsbdueR,Yeovil
EDRBCKEI,Boston Utd
v9CGIu4N,Altrincham
8OOOiMps,Sutton
d2vIdDRk,Gateshead
0IDCJLlH,Aldershot
GW41ibof,Eastleigh
6kTu5zUd,Brackley Town
zmKRcPKu,Morecambe
bBIP6pm3,Braintree
ttFg269S,Truro
r9mZOIF0,AFC Fylde
6gK8hoBh,South Shields
UZCe41Bj,Kidderminster
WYFXQ1KH,Macclesfield
f1NnpTDs,Scarborough
AuuJ6a3r,Darlington
tds6RnkN,Merthyr Town
23JIJ3jt,Chester
ULBPbPDE,Spennymoor
ri2JbWLB,Buxton
hOlyBdW0,AFC Telford
ARg6IDyt,Marine
GfRY8QEd,Radcliffe
KAjTCI1l,Southport
jqOJyW00,Chorley
8z3aE95H,Worksop
lvUBR5F8,King’s Lynn
Uki8CmzU,Bedford
zcyajhTL,Oxford City
ptSq4fq3,Curzon Ashton
6NM3RNk5,Hereford
Myjs3vp6,Alfreton
fRf75xoR,Peterborough Sports
d8TySPUE,Leamington
vuBCmGYJ,Worthing
KzLbNV09,Dorking
4ORfkqIS,Torquay
04200qZc,Ebbsfleet
batvoWjq,Hornchurch
CK7k1GpJ,Maidenhead
AmV7So02,Hemel Hempstead
K8DIJrZQ,Chesham
tzxeiYDF,Maidstone
E7jH2KUa,Weston-super-Mare
OtdthNtT,Chelmsford
ATMQHsLh,Dag & Red
8Q8JrrCo,AFC Totton
YoSkIXsp,Horsham FC
86F6KN7r,Tonbridge
xxE3g458,Slough
juUriOT8,Dover
2kOGDbnr,Hampton & Richmond
YiHKRrY9,Salisbury
fcGpLpk8,Farnborough
6Brz87ro,Chippenham
h2ouFpEM,Enfield Town
Spw6Az1D,Bath
pWCk7429,Eastbourne Boro
pMUqp3ms,Hebburn Town
tIEEKOJK,Hednesford
QsQa6dM6,FC United
ELwsO8Ms,Warrington Rylands
r9s6zO6P,Gainsborough
SWMKVql8,Stockton
6coTHMDL,Lancaster
vocxSMuM,Cleethorpes
pEFC3yK9,Bamber Bridge
fuwQAnpp,Leek
IJk20hia,Ashton Utd
dYpm9gCD,Warrington
Wzgc8id2,Guiseley
EVvhz9fm,Ilkeston
v7oNEVz5,Whitby
4nSNzjG6,Rushall
tASwrtaa,Hyde
h6knCaTb,Workington
fFgnSnFD,Morpeth
drdIFBLb,Prescot
Y1CQ5rph,Stocksbridge
K4vwHELn,Harborough
xE61RzXj,Spalding United
v9Uh7P4d,Real Bedford
QDjQdpXk,Halesowen
bJbHfbbO,Redditch
bVfjs0E5,Kettering
Spw0VSIP,Quorn
OpxB9Oyp,Needham Market
EFjrDuEh,Worcester
GlxNzML7,Stratford
2qwihEb9,Leiston
AgOSFQbG,Bury Town
nR13DTKN,Banbury
CE0TnKwE,Bishop's Stortford
juaQ71lj,Alvechurch
QkjoF2sr,Stourbridge
ppjDsYQg,Stamford
x6O6AU4U,Bromsgrove
l6a5Y7D9,St. Ives
EZr7coaT,Barwell
A57PkbD1,Royston
zX9kcsc1,Sudbury
fBo5RVhP,Walton & Hersham
jPwMeXtd,Gloucester
GKa0AhH3,Farnham
U3vBByDl,Poole
StIKjvbe,Berkhamsted
fagVTqTF,Sholing
AH2UuCe6,Chertsey
bef6jI00,Havant & W
0SplCtCf,Uxbridge
W25LZhOq,Gosport
McO4ROrH,Bracknell
KEoYvdkT,Plymouth Parkway
ERfQYCwj,Wimborne
zBTCKbu1,Hanwell Town
lfv2BGo7,Basingstoke
6XDMp3Qq,Weymouth
zmUhoU4i,Yate Town
h2NtrDMq,Evesham
GEL99JRB,Taunton
YNskhvWm,Dorchester
lhVauDNG,Hungerford
lzEgd1C7,Tiverton
bwuWzScC,Folkestone
xhbncbMp,Aveley
KbSYNLr5,Billericay
G2gim2qP,Brentwood
rsFJyrAB,Chatham
M3W4rSlA,Dartford
GrcjdIyi,Cray Wanderers
rylW0s8b,Burgess Hill
C2OYNqd7,Dulwich Hamlet
GGpFzOBd,Ramsgate
jqxcd2xQ,St. Albans
YqtKZbzC,Chichester
Io6VnVE8,Cheshunt
xGjmsEBm,Whitehawk
YmFlK44E,Wingate & Finchley
YT8o2dVC,Lewes
zmtX0Z3S,Carshalton
WbT430Fg,Welling
CQWmslTJ,Hashtag
Wf6sHKqf,Cray Valley
2auGpnmP,Potters Bar
hvJK1FlM,Canvey
djHKuVdN,Chelsea U21
jwfmsugc,Manchester Utd U21
CneqrLwi,Manchester City U21
fJ0rYzGq,Southampton U21
zsGOvkCT,Fulham U21
vcVshSK7,Liverpool U21
KUHl7YSb,Ipswich U21
ziNI2AsU,Brighton U21
WtTZfbNd,West Ham U21
C8S3BnTK,Tottenham U21
ngXZTiDH,Arsenal U21
4d6fZSZj,Leicester U21
vFMFtBsH,Crystal Palace U21
ELGqWEpd,Sunderland U21
0dyvTBSN,Aston Villa U21
bmFCwchM,Nottingham U21
2g7g6hr5,Middlesbrough U21
67gs3wiJ,Everton U21
hAEGxH7S,Reading U21
zVHuXfVk,Stoke City U21
6aLnhd7F,Wolves U21
b3ceuJN9,Norwich U21
KCbita83,Newcastle Utd U21
YXX2keAC,Derby U21
hM2jz9Kp,Leeds U21
ppXwfIx3,West Brom U21
pUCANkjo,Birmingham U21
CEJwNkU0,Burnley U21
SQ7noZSo,Blackburn U21
hSXD3jSN,Brentford U21
YPRuEHmi,Sheffield Utd U21
QyvOesJA,Bournemouth U21
UZgQtbuC,Peterborough U21
SOSHkSvO,Huddersfield U21
I3v1lMJH,Swansea U21
EwzxyuBI,Watford U21
d2iC7iMC,Charlton U21
ltdeqDcb,Cardiff U21
S8Mrgxh9,Wigan U21
2FUzKRAF,Hull U21
rLQrSVsU,Barnsley U21
6FRLlnfU,Millwall U21
2q0arXC4,Coventry U21
6H6jpgrh,Bristol City U21
tSn0vwwG,QPR U21
WrnKljdC,Sheffield Wed U21
Gl28gZ7s,Fleetwood U21
d6a3siSA,Crewe U21
GrnMYJJt,Colchester U21
SdeaURfM,Manchester City U18
ALp4ToAS,Manchester Utd U18
Ek1up5vS,Nottingham U18
AFy0VIkt,Everton U18
dKkbo7f9,Newcastle Utd U18
KbWePPXk,Middlesbrough U18
xOUvXTA3,Liverpool U18
2ywvBCu1,Blackburn U18
823N9nlp,Leeds U18
lxB7FNNK,Sunderland U18
n90NP6wP,Derby U18
SWDxQBff,Burnley U18
lz2T1f7t,Wolves U18
t8BsF38E,Stoke City U18
Y9nvA1or,Tottenham U18
hSC5nDWJ,Chelsea U18
Ee2FRS8C,Crystal Palace U18
2qs7XDHQ,Brighton U18
M57R863j,Leicester U18
tnO5eJp7,West Brom U18
jmEYHzYK,Aston Villa U18
KxN9fw0D,West Ham U18
4xy4Ux5n,Fulham U18
2HCwGqg8,Southampton U18
8OOTIGIE,Arsenal U18
2q5RapvF,Reading U18
OpvzChQf,Birmingham U18
WtvTpoPL,Norwich U18
S4kgREJH,Ipswich U18
bcOx8Zz6,Manchester City W
Q7Hu2UDD,Chelsea W
8CKOoQdn,Arsenal W
4EeCFcxJ,Manchester Utd W
zJscgDii,Tottenham W
KxpSSJgi,Brighton W
Qyn18a5D,London City Lionesses W
fkY89QtU,Everton W
AaUYwhYM,Aston Villa W
Ye260xTF,Liverpool W
f5LnX3Gl,West Ham W
dWUIlGLF,Leicester W
bHZFKao1,Birmingham W
pKJCyg2G,Charlton W
4W00G1qP,Crystal Palace W
0t9sYix3,Newcastle Utd W
UVmYWIwU,Southampton W
ML7j5har,Bristol City W
faGwkPy9,Nottingham W
tUgFr9bg,Sunderland W
zHQ5bitm,Sheffield Utd W
I7btSmEC,Durham W
f7OLzffG,Ipswich W
lncD3M84,Portsmouth W
2PVZNVS0,Burnley W
t8Aui8CP,Wolverhampton W
U3hQ10Bh,Rugby Borough W
j1piEzir,Stoke City LFC W
6ZRkhIhC,West Brom W
KnJqtau9,Middlesbrough W
tnuWPSHe,Liverpool Feds W
E5OFfojD,Hull W
M5lk7TIo,Derby W
OU9qgWSK,FC Halifax W
xYH98KdE,Loughborough Lightning W
tGxO2FYp,Sporting Khalsa W
Kn1rnLwU,Watford W
vFxobFak,Plymouth W
KQXGlkOl,Bournemouth W
4lYOtmT5,Oxford Utd W
n5iZnfjS,Lewes W
YBV1Rm2r,Exeter W
4tmkdduU,Real Bedford W
b1oiLctK,Hashtag W
bNOf4aC7,Gwalia United W
KAZ4aVhO,Cheltenham W
z9h0kmbd,AFC Wimbledon W
21TXfioL,Billericay W
CjhkPw0k,PSG
IBmris38,Lens
pfDZL71o,Lille
SblU3Hee,Marseille
2PIvr8o4,Monaco
2akflumR,Lyon
d2nnj1IE,Rennes
nP6UzIU1,Strasbourg
jgNAYRGi,Lorient
MLmY2yB1,Toulouse
Cr4VGaUl,Brest
SAlF91iL,Angers
0OEHEprs,Paris FC
CIEe04GT,Le Havre
YagoQJpq,Nice
MTLr36WA,Auxerre
veuetnGG,Nantes
4v0yqlWc,Metz
fsfAHubD,Troyes
YL2QybFe,St Etienne
ER0NeOOp,Le Mans
2kM6ufaS,Red Star
tItR6sEf,Reims
0pOdQOCg,Rodez
Eyf00syR,Montpellier
25dB6Eto,Annecy
tAAobNse,Dunkerque
QDfKl36E,Guingamp
6NOhR4cm,Pau FC
IL4RHuFr,Boulogne
UgPj1p1N,Grenoble
IRuMRua1,Clermont
dnIrsS0A,Nancy
lKkBAsxF,Amiens
E1wDrLsJ,Laval
AZwK8L6R,Bastia
dIvQQaE7,Dijon
jPojkLXK,Sochaux
z5PJrrtm,Rouen
xnng4dGk,Le Puy-en-Velay
IooxkpEI,Fleury-Merogis
nDjHIbwL,Versailles
AqswAEFD,Orleans
O8dsB372,Valenciennes
K6STnbAt,Villefranche
Uo57pG95,Concarneau
GjLn2QoH,Caen
WnjEIzRL,Paris 13 Atl.
ry31K39D,Aubagne
Ict2iv2P,Bourg en Bresse
jZ2ZFJqe,Chateauroux
fPCzUHN1,Quevilly Rouen
CQxeodfa,Stade Briochin
CCXiVLd5,La Roche
SKc9FeQ7,Bordeaux
xGYlO463,Bayonne
0dFiqmnE,Saint-Malo
hjexmvH9,Les Herbiers
K01agKYi,Avranches
h8rPTaoP,Angouleme CFC
vi5RG9ig,Chauray
Q1QSqtpG,Dinan
4GECYa5Q,Montlouis
K0bzyPgf,St. Colomban Locmine
na9SVwgk,Stade Poitevin
EsBsRJUe,Saumur Olympique
EHmUBzo1,Chateaubriant
fqshC24H,Lorient II
0GfLHIhR,Granville
KWT3SKT0,Thionville
j7LgZ7jp,Bourges 18
tUCZSu0q,Haguenau
C8wqzbIc,Dieppe
YNQBUF83,Furiani Agliani
riW6Ep5h,Saint-Pryve
8MqJHk28,Borgo
CnPmaKg9,Feignies-Aulnoye
n52caD1N,Colmar
8zXiYymA,Epinal
M1efU9FS,Biesheim
YJqbS25Q,Beauvais
SIlxypRs,Wasquehal
WrVFftBA,Chantilly
rRGqeycC,Chambly
jZihRJN2,Blois
pOtlc1qr,Nimes
OQDjYrTm,Cannes
6X44NlaL,Lusitanos
QuPct9c4,GFA74
K2p4psD6,Istres
CUU9XF6T,Hyeres
jenkm7FM,Andrezieux
tCo0oNc0,Creteil
Achn7q9D,GOAL FC
Q9LWig85,Grasse
OQgAHIWS,Frejus Saint Raphael
6eo2OlGJ,Limonest
ELYiTrxr,FC 93
KKBwSaFk,Saint Priest
MwwLsowp,Toulon
42NZf3cj,Rousset Ste Victoire
t4VHQgpJ,Athletic Dragon Blanc
hjwNSJMF,Karasu
I7ulsJy9,Wolf Pack FC
Iq9Zry0m,Generation Seven
Ma84lcxQ,FC Silmi
0GtVQciS,Panam All Starz
K0N1LyFk,Unit3d
jLmpfaGj,360 Nation
ro3DSjf2,Lyon W
djTazozI,Paris FC W
8U7ZUNF2,PSG W
S8pP4fqS,Nantes W
AVMiabqs,Dijon W
xlsUII4p,Fleury 91 W
j5WywMkQ,Strasbourg W
0AE7nlMc,Le Havre W
WIWDwWDe,Marseille W
foAoSLaL,St Etienne W
8GdYByFr,Lens W
6yx58ded,Montpellier W
MXBwUsV8,Toulouse W
bXWXmrzj,Saint-Malo W
Sh7b02dc,Auxerre W
GfBsT1pF,Le Mans W
4IXiwNca,Lille W
j7XTlOKq,Grenoble W
ENJLvZ33,Thonon Evian W
dn9QwgJ9,Nice W
Ct88yAMf,Reims W
jHaCSuFR,Rodez AF W
6um4wQbn,Metz W
OG6v7KNe,Guingamp W
nVp0wiqd,Bayern Munich
nP1i5US1,Dortmund
KbS1suSm,RB Leipzig
nJQmYp1B,Stuttgart
hQAtP9Sl,Hoffenheim
4jcj2zMd,Bayer Leverkusen
8vndvXTk,Eintracht Frankfurt
fiEQZ7C7,Freiburg
EuakNmc1,Mainz
pzHW4oaE,Union Berlin
fTVNku3I,Augsburg
v9k3aY5F,Hamburger SV
88HSzjDr,B. Monchengladbach
Ig1f1fy3,Werder Bremen
WG9pOTse,FC Koln
ILyJuN3g,St. Pauli
nwkTahLL,Wolfsburg
KWixEVWi,Heidenheim
0Ija0Ej9,Schalke
G2Op923t,Paderborn
6in2Eknb,Elversberg
S0hPB9rA,Darmstadt
dfNCCCzS,Hannover
2y0u8Wrq,Hertha Berlin
naWckLmC,Kaiserslautern
6FDqshzF,Nurnberg
EB3q7jbk,Karlsruher SC
8Y2m6ADe,Bochum
pp38UXK8,Arminia Bielefeld
ne1oL3y7,Dusseldorf
YFuz2RLm,Magdeburg
QqLCC3il,Braunschweig
zL1YsOi1,SG Dynamo Dresden
63WsD2ei,Holstein Kiel
CCQGbik8,Greuther Furth
zedZaSL7,Preussen Munster
88Xgj1Y5,VfL Osnabruck
EB0xsr77,RW Essen
6g44VD52,Cottbus
2s7huW4R,Duisburg
KIHmtCkL,Hansa Rostock
ryb0Dqxr,Verl
byXHwsJa,Munich 1860
j3PKcB4E,Alemannia Aachen
ObxFt3lm,Wehen
6LJtezQO,Mannheim
44oKBLkf,Viktoria Koln
UiCmEP56,Regensburg
84SxvsCb,Stuttgart II
ne5QkLtB,Ingolstadt
bwwlzP9l,Hoffenheim II
fLbhmJ5l,Saarbrucken
tbC3EcQn,Ulm
ChZUX0PS,TSV Havelse
vsXIDreP,Aue
jy2pzed0,Schweinfurt
rXqBh2xP,Meppen
AexageOs,Drochtersen/Assel
MgxTd1Lp,Jeddeloh
fLhfB37a,VfB Oldenburg
6gRhBZvI,Hannover II
I1Vk6k3R,Phonix Lubeck
tW75B1ei,Bremer
2F5YWKe4,Hamburger SV II
WWCS5Rq8,Lubeck
j5muNOmD,SC Weiche-08
YcGCGPTQ,Werder Bremen II
pxCsdobQ,Emden
rmJXJHtN,Schoningen
bBFjchz7,Hannoverscher SC
I7JmedUE,Norderstedt
nuvpzvTD,Lohne
WnVaqKje,St. Pauli II
6B4esKH5,Altona
WtfIuJd0,Lokomotive Leipzig
APNl8MIn,Jena
boX3cIQa,Hallescher
hY1sMqM0,Erfurt
xzwcrLCs,Zwickau
EP8ggpyE,Altglienicke
4virwQm2,BFC Preussen
YJkVv3xq,Chemnitzer
nuLW8Iz8,Magdeburg II
8lMS9bL1,Luckenwalde
8xU6TRj9,Hertha Berlin II
Qo0kKNjD,Babelsberg
SEO8sbL7,Meuselwitz
21rTC5Nt,BFC Dynamo
Q1yNyI5t,Greifswald
CWKQ21qB,Chemie Leipzig
zk89Dwxr,Eilenburg
Y3IMDrxq,Hertha Zehlendorf
rgXMAZDK,Fortuna Koln
Sb6y45EK,Oberhausen
vVcwNP6f,Dortmund II
MTVdoDu8,Schalke II
pxx6SUvF,FC Gutersloh
0KU0pXfE,B. Monchengladbach II
K4uGJKsn,Siegen
hjNlCFPB,Lotte
rsRt1UmE,Koln II
l4hdaucr,Bocholt
SlljLP64,Paderborn II
x0Wulajr,Bonner
KlB7DHug,Bochum II
xplcnwLf,Dusseldorf II
Ekd50E6F,Rodinghausen
KU29i56s,Wuppertal
niwc9wkJ,SSVg Velbert
SIU4Wt9D,Wiedenbruck
xU1QLwXs,Freiberg
OQZ251DE,Grossaspach
pro6D914,Mainz II
UwJodqmQ,FC 08 Homburg
CG1hDqLC,FSV Frankfurt
OO6UX0tb,Stutt. Kickers
reOZiVJM,Walldorf
QJ5dC3zJ,Kassel
K2R3rAqQ,Steinbach Haiger
jJXJRSM0,Fulda-Lehnerz
UZxEj1R4,Sandhausen
tfIBWbQG,Eintracht Trier
CrMXJJ2P,Freiburg II
YJURlaIO,Offenbach
tUpAgLSK,Alzenau
8hlDVhim,Balingen
WzEYqEyg,Schott Mainz
W696dg5i,Bahlinger
Murrx1M1,Nurnberg II
nVM1YUFj,Wurzburger Kickers
UJfVludH,Unterhaching
INBIgikA,Illertissen
Q38h1iA5,Eichstatt
GO2n1oyf,Bayern II
2ZZaCCD7,Buchbach
tEtCK0Su,Burghausen
IqdS0O0G,Aubstadt
MRbctC8n,Vilzing
dnrq8pr3,Ansbach
63tdY2v1,Memmingen
j9sm74c9,Bayreuth
SIrvws7e,Furth II
xG7Xc5gD,Schwaben Augsburg
EekvEtnc,Augsburg II
SUKxdGAI,Aschaffenburg
rB7glEQa,Hankofen-Hailing
UB7bVtq7,Lichtenberg
tO6b2v0S,Tasmania Berlin
p0drMvAM,Neustrelitz
rufS42z8,Klosterfelde
rFmnJhS5,Mahlsdorf
ttgYEBHo,Hansa Rostock II
OMb55t6N,Makkabi Berlin
CzdYqRoF,Siedenbollentin
0bgjCqhg,Wismar
f3WA6KDJ,Sparta Lichtenberg
zube2pMC,Berliner AK 07
bR39ph2M,Dynamo Schwerin
EBK4rv61,TB Berlin
zqzWFq4I,Rathenow
0ter4p48,Croatia Berlin
UNr2EUfd,Viktoria Berlin
8QrkxGLH,RSV Eintracht
dzOWGPhs,Freital
63rmucRC,Halberstadt
zJjsjSvo,Plauen
UVWxuH7N,Auerbach
rBY8uwwB,Halle
6maJIeqj,Krieschow
zRjVn14Q,Bautzen
vsAq5GPu,Einheit Wernigerode
ji5ME1Os,Sandersdorf
CdutGm06,Glauchau
t2mHkyzt,Einheit Rudolstadt
lzLynNIS,Bischofswerdaer
2aADtayc,Stendal
UycvBh3g,Grimma
Y1QzxVMP,Heiligenstadt
hKUyO4Y6,Todesfelde
MswKV8BK,Holstein Kiel II
IsHutMKl,Kilia Kiel
hIcARvgk,Eichede
vZaMOxw8,Heider SV
63zagCSg,VfR Neumunster
n5ZgBbgN,PSV Neumunster
Cn2Ntlk5,Phonix Lubeck B
4ndFzUH7,Kaltenkirchen
x8EAaivO,Nordmark Satrup
zZgTt25r,Oldenburger
AHErT7lf,Rotenhof
8Y960XOH,Hohenwestedt
6VRrMPgf,Inter Turkspor Kiel
8hHFEZvE,Eutin
WbpkmCQ9,Preussen Reinfeld
6kX6nIIj,Eimsbutteler
WMcxaK0a,ETSV Hamburg
4n5mRlcU,Dassendorf
pfVoCMAc,SC Victoria Hamburg
AsGucIa2,Paloma
MRbOSQqC,HT 16
WrbkcjCd,Teutonia Ottensen
O0Snk6td,Sasel
f7rrmPZq,Suderelbe
l4AuMZlc,Vorwarts-Wacker
jRkoZvLn,HEBC Hamburg
GhvkkEMl,TSV Buchholz 08
UerglYye,Niendorfer TSV
hl9VU7fr,Tesla Hamburg
0UcEHH0k,Harksheide
Ofra0Q1j,Turkiye Wilhelmsburg
OpKqdxF8,Halstenbek-Rellingen
jBW1nC67,Curslack-Neuengamme
I9b4oeuE,Blumenthaler
GdGDZFYr,Eiche Horn
CCGgs9Q2,Hemelingen
AZgoTCXm,Brinkumer
zV8zQlnJ,OSC Bremerhaven
A71cqCns,Union 60 Bremen
ruolT0sH,BTS Neustadt
tAM8dxt6,Oberneuland
hSEVmhvQ,Werder Bremen III
4borVBad,Leher
AJB2Rj20,Aumund-Vegesack
0GugSKdN,Geestemunde
r7abEoYp,Vatan Bremen
MHDxFuNE,Sebaldsbruck
d0c8pFfK,Woltmershausen
dvAWQUWC,Habenhauser
fP1Og5Uo,Delmenhorst
IillJiLk,Heeslinger
j7FeF9yC,Egestorf-Langreder
b5eVLAGE,Meppen II
hGTR35Xk,Spelle-Venhaus
E3xs5mIe,Hildesheim
bqwYyoEn,Bersenbruck
zqOb9KfG,Wilhelmshaven
CCP6vLnF,Luneburger Hansa
zu2tr64Q,Verden
b5ooYLLK,BSV Rehden
bkFInJ4d,Braunschweig U23
C0hvP7to,Wolfenbuttel
M1HEZvqH,Wetschen
xdpkXuyR,Holthausen-Biene
zNPEmXxD,Lupo-Martini Wolfsburg
nHdgGMsC,ASC 09 Dortmund
jPqlBaK6,Westfalia Rhynern
bLmQITjr,SG Wattenscheid
OMmcUjA2,Lippstadt
K6BGZmi7,Preussen Munster 2
nq8BIoRt,Gievenbeck
KhxhYHcQ,Clarholz
KYfsKZxO,Arminia Bielefeld II
ETNnmssn,Erkenschwick
QZ6FH5tm,Sprockhovel
lUy8VbK8,Vreden
WfoVdlhj,Hiltrup
WII0djYH,Eintracht Rheine
pvwknxDd,Verl II
0nkpeeFd,Turkspor Dortmund
MaIUO7Vl,Schermbeck 2020
r5Xjfggf,Finnentrop/Bamenohl
CODZc7TD,Ahlen
YqSvENuC,Ennepetal
GruzvNik,Eintracht Frankfurt II
8vz4IlsB,Eddersheim
xYY8NEYu,Giessen
SbKuc2Te,Baunatal
lUnQT7u3,Pohlheim
0lbJ1gV4,Stadtallendorf
QaOoXmd4,Hunfelder
xKLArdrh,Friedberg
IyJJpEVH,Fernwald
88uhSs6Q,RW Walldorf
vsvLCuzO,Hanauer SC
8nlDHQqM,VfB Marburg
biQbPPmJ,Hummetroth
QFBAMgS6,CSC 03 Kassel
067xnGoa,Waldgirmes
Gn7TdH7T,Darmstadt U21
KYAwuCbD,Weidenhausen
82ENhwZe,Hanau
S6zBCTGA,Kaiserslautern II
ENYmnGcj,Pirmasens
CWLkbgo4,Emmelshausen-Karbach
p8wBsqZt,TuS Koblenz
lKoWGrDa,Engers
SKbjCRd1,RW Koblenz
E1LdTKXq,Worms
r1ns3LrD,Hertha Wiesbach
zasbVXG4,TSV 1881 Gau-Odernheim
vg6xSQbo,Auersmacher
fD9RhWug,Cosmos Koblenz
tz9lEBDO,Eisbachtal
rNjwt8sN,Gonsenheim
fav8YNX6,Dudenhofen
tvjQ9gTQ,Idar-Oberstein
rXchPH3A,Arminia Ludwigshafen
jgWSQKX9,Diefflen
ri9avpN6,Eppelborn
67tiEYre,Eltersdorf
EaaFgtgj,Neumarkt
G6j1BZ7B,Cham
xKOkxoBD,Bamberg
ChR4QiXk,Ingolstadt II
fyKNMlWD,Gebenbach
KKqEhurR,Weiden
QmC1yMSh,Neudrossenfeld
v36u6xln,Kornburg
dQNsegYG,ATSV
MRep5d3h,Fortuna Regensburg
QJzZwrIj,Regensburg II
SGsmFETl,Bayern Hof
jwtEnGKl,Stadeln
8OK0Svmj,Wurzburger FV
xQc2Uubh,Coburg
j9kXtnpE,Grossschwarzenlohe
fXUwKOBo,Munich 1860 II
vu7X6C7f,Landsberg
6m7Z8hm5,Kirchanschoring
KnrNEfEr,Heimstetten
K2iZHqwD,Erlbach
0Ifl4GIb,Deisenhofen
lvHxCEHK,Gundelfingen
Y1VIozze,Nordlingen
nyccFscn,FC Schwaig
lUc8ZQ88,Pipinsried
0fq1CE7E,Geretsried
l6c7YEbt,Schalding
WdrrKGjL,Ismaning
CjaApWPO,Kottern-St. Mang
4nT947yH,FC Sturm Hauzenberg
d230Ai7r,Turkspor Augsburg
8OJVBcBg,Turkgucu Munchen
Oh2C15j0,Aalen
jeOcCtzn,VfR Mannheim
YyjOm4JC,Essingen
fgSq3EXl,Nottingen
Ai4uNywT,Ravensburg
hG9zOHNM,Oberachern
lKLJUxeT,Villingen
MZYIlPCA,Pforzheim
UDTYvNdh,Reutlingen
8AgZmaBN,Karlsruher SC II
29SLYbtB,Backnang
WMeqlJIj,Normannia Gmund
hrkXBGXO,Singen
EL0bu6Bs,Goppinger
0n1NhB4G,Hollenbach
4GD44jnK,Neckarsulm
hrhdJqpe,Bietigheim-Bissingen
Y95tGXrC,Denzlingen
ITSyINCQ,Bergisch Gladbach
noZ7xSnF,VfL Vichttal
0duFt0Xd,Siegburger
hCvF9KgS,Eintracht Hohkeppel
UFPjmDjA,Merten
CGdhhQvL,Fortuna Koln II
GUEpR7J4,Frechen
tjx2IMiO,Wegberg-Beeck
jm4DO2sT,Bornheim
xn55IPIK,Konigsdorf
SSEHVLWH,Duren
UJ1xtzXL,Porz
8QckH2S5,Hennef
4hdjVDMh,Sportfreunde Duren
zFKXgQKF,Teutonia Weiden
tvibrVv1,Pesch
KthLwGOf,Germania Ratingen
lGbW7Geh,Hilden
E5Fv8i93,Uerdingen
d2Baklii,SC St.Tonis
h4Rjaci1,Schonnebeck
U7V4uxfr,Meerbusch
tWaL7LPR,SW Essen
6FAqC6b4,Juchen-Garzweiler
vy95lEod,Dingden
02VRO7Qp,Holzheim
GjsxdFSE,Buderich
SWXy5JzF,Frintrop
h2S0xuqN,FC Monheim
Qg5AYCQN,Baumberg
tIszOqJj,Sonsbeck
jgD7u6Y4,Homberg
pfJP6WaN,SV Biemenhorst
bTNpDeA5,Kleve
vXY2DsLs,Duisburg II
l0qrPBDd,Alemannia Aachen II
pGUTJqrE,VfB Huls
xfeYOOn7,Dornberg
MeO7C1zl,Schermbeck
rsw5ph4k,Speldorf
Uc3Mm0BP,Erndtebruck
jqQ8PBnd,Westfalia Herne
ngAV2QmM,Rosenheim
lWVeDhb1,Rain/Lech
tMOfA0uA,Seligenporten
Kfnjydj8,Frohnlach
tWw4pBJE,Grossbardorf
Wpt6iRSi,Erlangen
boofzG5E,DJK Rosenheim
I9Md4S33,TSV Aindling
ELXnJz6R,Gersthofen
0WtnyLy8,Unterhaching II
Gh0Sm50f,Paderborn U19
lM2V5Ztj,Hoffenheim U19
GW0gkGCj,Leverkusen U19
nw8USdl3,Mainz U19
8nes3meB,Nurnberg U19
zqQLXQwQ,Union Berlin U19
QkC9EJ4c,Schalke U19
AJ7bWZX8,Wolfsburg U19
OYLEdbKG,Dortmund U19
Wn1XM255,Augsburg U19
vsHdDFhr,Heidenheim U19
zkuI6Ven,Holstein Kiel U19
xdRZQvCT,RB Leipzig U19
2P6Z4gdd,Kaiserslautern U19
naD5Faki,B. Monchengladbach U19
EB4MBHlG,Bayern U19
29WDCP10,Hannover U19
hfRT9fOF,Berliner AK 07 U19
xt2kjdcp,Koln U19
tQb2cv5A,Bochum U19
U7KWDRHs,Cottbus U19
AVH3EEmS,Stuttgart U19
ERYKNrja,Ulm U19
Olzg16WO,Hamburger SV U19
jqQOl4vB,No Rules FC
Amck5POi,Youniors FC
OdAScC3K,Istanbul United
b9TWnr9N,Tiki Tacker FF
bTBFhnun,G2 FC
rs53sMWp,Vice Versa FC
WtANjQ9b,Kaktus Kickers
xM1emi36,Era Colonia
vkjy3nF9,Bayern Munich W
Yaedf2i2,Wolfsburg W
C6sxeOzB,Eintracht Frankfurt W
vkQQP5Rf,Hoffenheim W
hjuyw2Kb,Bayer Leverkusen W
vyDE3LZH,Werder Bremen W
UNGe0paS,Freiburg W
OAHe2v6S,Koln W
0CApK8nk,Union Berlin W
nkmFAG4Q,RB Leipzig W
bRnTlGdH,1.FC Nurnberg W
2HMMF0Ll,Hamburger SV W
nFgq1QqM,SGS Essen W
E9mqMJVK,Jena W
hIFkXfiB,Stuttgart W
CKwPenTP,Sand W
WG7l3vEO,Mainz W
rJz0PoCl,Meppen W
M1WQbYcN,Viktoria Berlin W
Q9wZ7S4T,Ingolstadt W
K8TgIZLj,Bochum W
QyrZJvbO,Andernach W
dMUxDd6h,Eintracht Frankfurt II W
S2hldOMk,Potsdam W
vZZltwEc,B. Monchengladbach W
pMOwrKVk,Bayern Munich II W
nLmBfEBB,Wolfsburg II W
jFfXABpU,Warbeyen W
Iw7eKK25,Inter
69Dxbc61,Napoli
8Sa8HInO,AC Milan
ttyLthOA,Como
C06aJvIB,Juventus
zVqqL0ma,AS Roma
8C9JjMXu,Atalanta
0M9xNN8N,Bologna
URcSl02h,Lazio
QDdvI0zl,Sassuolo
rXw8YKDE,Udinese
MZFZnvX4,Torino
6DxlaxHN,Parma
d0PJxeie,Genoa
Q3A3IbXH,Fiorentina
SCGVmKHb,Cagliari
KUzfp5N3,Cremonese
G8lYsMgU,Lecce
rJVAIaHo,Verona
roasMsOT,Pisa
MkPmVv50,Venezia
pfo9H1Wp,Frosinone
4YSMlwj7,Monza
n38Nktmn,Palermo
GnizyMB7,Catanzaro
MBn63swN,Modena
hKSfjtsQ,Juve Stabia
xddf1qfh,Cesena
hG4fg4z3,Carrarese
W02MZDnp,Sudtirol
A332L1f5,Avellino
z7WK5Pwb,Mantova
nJbCGx2U,Sampdoria
0ESCnI1H,Empoli
2gUwEtrE,Padova
hUuJfYbb,Entella
xIkUr2vO,Bari
WW0i6v4C,Pescara
re6VD39b,Spezia
6ulJbMCe,Reggiana
plvm35Pu,L.R. Vicenza
b3fwvdum,Brescia
IsxHSx6l,Lecco
Gtx2eRRF,Trento
6TuwAQGc,Renate
C0yUqo8c,Cittadella
OdthnF7f,Alcione Milano
8hzzdqhG,Lumezzane
rqn271Ga,Inter U23
rVfjdq9o,AlbinoLeffe
MwxjuB2g,Giana Erminio
rPRQmc5D,Novara
I5Z9Cg0t,Arzignano
KjGeTD9G,Pro Vercelli
SfaJmg0R,Ospitaletto
Aa1dxLIB,Dolomiti Bellunesi
pvWU6W5U,Pergolettese
f1BIaCoh,Virtus Verona
z7SoCKCQ,Pro Patria
nJ5YN3gH,Triestina
r5DdTIZC,Arezzo
hd6UOqvB,Ascoli
rZdj2Pvn,Ravenna
8rNMmUnk,Campobasso
S8fKXrK7,Pineto
pW9laeGO,Juventus U23
drgCKhvg,Pianese
zVUNUKkf,Ternana
nV1kjOZR,Gubbio
pYTSXlNe,Vis Pesaro
0zxhbdWT,Livorno
O44quWxq,Guidonia
4Mj4hjbN,Carpi
ht2m7Kl6,Perugia
EF2WpDTI,Forli
UiGfvfvT,Torres
b5iXlOJt,Sambenedettese
pjfae9TJ,Bra
na5EoFL1,Pontedera
lAzP4qg4,Rimini
rZhSxrse,Benevento
4rwnnbnB,Catania
p84TeBhA,Cosenza
QuL4OyJG,Casertana
Mq05g4BP,Salernitana
d8H0SxkJ,Crotone
zRCkw6tr,Monopoli
WtT3GZCk,Audace Cerignola
Mc1agWrH,Casarano
p0AhJIYO,Potenza
G4uko37a,Altamura
UFGjrnma,Atalanta U23
QeTCXvTK,Cavese
WIkum2lg,Sorrento
Ee7aFeEG,Picerno
CrARgwBF,Latina
YJJyOk94,Giugliano
4nSGWbrR,Foggia
WKvNghE4,Trapani
lMGP9Knl,Siracusa
8WeFoDPP,Vado
6uemfhd7,Ligorna
OIfKN9XI,Sestri Levante
t8m4wcwn,AS Biellese
xYirU9HQ,Chisola
Sfb2TSEs,Varese FC
jksECGCp,Saluzzo
trlJll3g,Sanremese
QN1QYX1j,Valenzana
EVhvWh0S,Cairese
GWcvPy4o,Imperia
G4sOObCe,Derthona FbC
OdnLMaug,Club Milano
pvjGZUr4,Gozzano
pdYFaGrp,Celle Varazze
4Cl5oj8m,Asti
8rnRptZE,Lavagnese
Q9QBrIlT,NovaRomentin
QJdMoMJ8,Folgore Caratese
xdTJgGvo,Chievo
QqsL9fmS,Leon
d89vnH33,USD Casatese
rFdOAiKG,AC Milan U23
6FBaDhGj,Scanzorosciate
tUDJvZ0C,Brusaporto
tvZTKPVc,Villa Valle
A1vAQWNk,Oltrepo
YTPLIJkR,Ciserano-Bergamo
UFqE1vXe,Caldiero Terme
QoMyO4HD,Real Calepina
p2vpBK0t,Castellanzese
WfIyojRQ,Breno
OKTAwe5R,Varesina
8zk0GHPc,Pavia
p0HbUOCH,Sondrio
WUqF7TZl,Vogherese
Qucu3NNG,Treviso
zPteaRd9,Union Clodiense
tUkiXkV3,Legnago Salus
jw9a8j5i,Mestre
xYmhxiqU,Este
p4TPmvl5,Cjarlins Muzane
SW5psvQQ,Brian Lignano
Y9xQpRhi,Bassano
AwOUZ8sB,Conegliano
S02sbKHB,Luparense
W4e6715H,Campodarsego
2y39SQZp,Altavilla
nHB5g1Kg,Vigasio
lpbUfu9f,San Luigi
fmhy8Zxt,Calvi Noale
lf1lpGho,FC Obermais
EXOi9tKt,Adriese
dQnDAuGj,Portogruaro
h20BPVS0,Desenzano
v10H6bJI,Pistoiese
bwYnfuK0,Lentigione
MLgfe3Oi,Piacenza
CSJD7vLs,Pro Sesto
OUHH20Ki,Pro Palazzolo
ETwYXZnD,Cittadella Vis Modena
U3WV27Bc,Rovato Vertovese
llkAieRq,Sangiuliano City
zofPxl1J,Crema
fe8jBOeL,Correggese
UVWMMR90,Sant'Angelo
0dVveluC,SCD Progresso
298WhoHA,Imolese
pKqaWovm,Sasso Marconi
ADvv1otA,Tropical Coriano
UR27GZM7,Trevigliese
EgAc8nDP,Tuttocuoio
AmqIPPO4,Grosseto
QoFlkYec,Seravezza Pozzi
Eg19f9Q7,Tau
2LOWL0b8,Siena
A9bhb2ck,Prato
zZE4TIjr,Foligno
t6x4GjmR,Terranuova Traiana
nm8x4XgC,Scandicci
027Y0uH1,Montevarchi
8d9Y4Dv6,Trestina
YXAbleXg,Ghiviborgo
Myydx4kd,Camaiore
ptIsgjPR,Follonica Gavorrano
fkvdICIE,Orvietana
WCVXF9em,San Donato
4AlHorrq,Poggibonsi
YaUFIQAh,Cannara
hQFZnSX5,Vivi Altotevere
dEsI6Z9g,Ostiamare
63vnVPlL,Teramo
pjq9BL0p,Ancona
K6rvN7dB,Atletico Ascoli
nyTwKJyf,L Aquila
0pDX5Wg6,Notaresco Calcio
U9Zxi4KL,Giulianova
6Tc1dVee,Vigor Senigallia
x4Wh3T0g,Fossombrone
rLFUaYyf,Unipomezia
69prSvm0,Termoli
lUFr2CrF,Maceratese
AiywxeN4,Sora
CfZRfowK,Recanatese
fTKXOVgb,Calcio Chieti
2iaDMP42,San Marino Calcio
pzv9nrgo,Castelfidardo
l44rGMtK,Sammaurese
plMTaQu7,Scafatese
jesApuhq,Trastevere Calcio
d8XSfu5B,Flaminia
KC845WJ5,Albalonga
8YHKEM9K,Nocerina
t2IhN2JG,Monastir
U5sx115d,Palmese 1914
EVIM3D3L,Sarrabus Ogliastra
hMDDphFL,Atl. Lodigiani
pziXtlG6,Valmontone
nD1wFLEn,Latte Dolce
UBToarzC,Ischia
A911y2pQ,Budoni
lKKVECK3,Anzio Calcio 1924
SlEB5zEH,Montespaccato
UqjdHcAi,Olbia
MBz4EXjm,Real Monterotondo
xdhWy2d1,Cassino
AkCGbD8i,Barletta
ri2pAtKg,Martina Calcio
bLYPmFPe,Citta di Fasano
tpTsD0cK,Paganese
WjQU4Sdd,A.C.D. Nardo
63P6DZrT,Virtus Francavilla
jXKRBkUu,Afragolese
0OuinNsj,Gravina
UVlOwORl,Fidelis Andria
OhGKcXNc,Real Normanna
OMdO14oA,Sarnese
rBVTRk49,SS Nola 1925
r3IoxJz1,Manfredonia
Wjy3KIEF,Heraclea
UsH271za,Francavilla
AywHlmwg,Ferrandina
AuoV87dm,Pompei
6TXIOAh2,Acerrana
OrB4N6Bt,Nissa
rmyNgpBn,Savoia
6BMOcfDd,Athletic Palermo
p0CtcHL7,Reggina
GtWIrSIK,Igea Virtus
OOSLH2uI,Sambiase
EgYzZsf9,Gelbison
YgGjm8H1,Milazzo
MJWEq83E,Gela
xKEj612t,Vigor Lamezia
8hMmdUCs,Enna
Qk4IpZz8,USD Ragusa
0fiNNTXD,Vibonese
2Hl0vwOu,AS Acireale
b1HCjQtJ,Castrumfavara
fwo3kY4s,Sancataldese
rXZS338A,ACR Messina
lf8QOWb9,Paterno
Q9VVMjSi,Fiorentina U20
pnUJfhb5,Parma U20
zo4S3YNH,Cesena U20
YF6nYqJ7,AS Roma U20
G4WDBJRt,Atalanta U20
tnmMpaCE,Inter U20
xx5LOEnH,Bologna U20
boEfbzat,Lecce U20
x6Gk5894,Juventus U20
tEbXWFBs,Monza U20
zDpdICPp,Genoa U20
Sp2nsd2o,Lazio U20
UTnkO11b,AC Milan U20
KrX7Gyx7,Verona U20
OGVExYGG,Torino U20
t882wE1A,Sassuolo U20
l0jeuzXc,Napoli U20
ju9PNY1N,Cagliari U20
0EYriHMU,Frosinone U20
EaJ0U1s8,Cremonese U20
rcYHsxe9,Como U19
O65uRZUs,Lecco U19
6B3KGdJI,Modena U19
WWXNNy51,Pro Vercelli U19
n3qxDqJc,AlbinoLeffe U19
f12q75NM,Reggiana U19
pYWhmj9S,Entella U19
2y5pczo3,Vicenza U19
Op6tbGVd,Cittadella U19
KWvL3Bg9,Sampdoria U19
MmafcjLi,Sudtirol U19
Qq3Tum7R,Udinese U19
fLYHg0O7,Brescia U19
CYwZRMud,Renate U19
Ika5Ajtc,Venezia U19
WQhugQNf,Padova U19
jRaijO7D,Empoli U19
hSPbsxPs,Spezia U19
pjM6pgI7,Avellino U19
vaMNtinS,Perugia U19
pEtmBZMm,Pescara U19
E5YyqYkC,Catanzaro U19
tx4NB38O,Pisa U19
6VJIdG04,Ternana U19
rJuvQ2a4,Benevento U19
YkeoRPPN,Ascoli U19
jBPSYqpc,Monopoli U19
0A8DWNW7,Bari U19
pzECc9Sk,Palermo U19
QTXv9Ghg,Salernitana U19
fBE2iIOf,Cosenza U19
AHiqhpw1,Crotone U19
80zx4M4k,Stallions
UgmAkNkd,Circus FC
E5LDDZyn,Alpak FC
dMGWP3R8,Underdogs FC
nieBILJr,Zeta Como
IFT4B4CF,FC Caesar
UFOp20Z1,TRM FC
jL9uOsdL,Zebras FC
2uXT9iyB,Bigbro
MTq2iqLq,Boomers
xIq69rsS,Gear 7 FC
p2VdDQs3,D-Power
fVWuplx1,AS Roma W
xQttQvNr,Inter W
vNUKeXyQ,Juventus W
UFe3wHyG,Napoli W
MHYXoA7l,AC Milan W
fmSQFSYG,Lazio W
CQDyXNE9,Fiorentina W
dKMcvaUJ,Como W
x8jibBfT,Parma W
0SQAnssh,Ternana W
GbpEUce3,Sassuolo W
jT8EW0aL,Genoa W
CYpZwTUp,Como W
jTZnh40E,Lumezzane W
CxQ1OA3h,Cesena W
dnVJoL85,Bologna W
SMIbyEEH,RES Roma W
YaJfxfaB,Freedom W
GCsVcsG6,Brescia W
A5ptjJDO,Vicenza W
GAw7TOwn,Arezzo W
4rgUlm2i,San Marino Academy W
z9Z8GvGM,Frosinone W
IRwCizX2,Verona W
6TshKMGc,Trastevere Calcio W
SrW0I0oA,Venezia W
vXr8fotG,Sirius
SQsg3nME,Hammarby
rBi9iqU7,Elfsborg
lzqk4S68,AIK
l8oLwJhB,Vasteras SK
4Kh5hPE1,Djurgarden
W6u0d7B3,Hacken
ELVAW0WQ,Brommapojkarna
CGT7Kq4j,Orgryte
tYNTdpar,Malmo FF
Mmsc26yL,Halmstad
rkrUu5ae,Kalmar
bJewAOTf,GAIS
UovQtopk,Goteborg
zNSwBuue,Degerfors
S0XtXM1E,Mjallby
tpjDEBbi,Norrkoping
zio11QjR,Helsingborg
fmfHDVDc,Sundsvall
dvUkoqAQ,Ostersund
xAfs9rq1,Orebro
Ye5hqs2o,Brage
hAcM0NH6,Sandviken
KGgIJkAd,Oddevold
UqSsAaf1,Falkenberg
6uxp41R8,Ljungskile
IeUA8Do2,Nordic United
IyeZrg23,Varberg
YPU3LPlp,Landskrona
MHuLo5uE,Norrby
KQEAENtF,Oster
djzjJdOb,Varnamo
AiiibTti,Enkoping SK
Wp6kn6Sk,Umea FC
dO3kSEWm,Karlstad
rmBzOFgo,FBK Karlstad
ImthXHPG,Arlanda
IJOgMVV3,Stockholm Internazionale
QylGVYMF,Karlbergs
EPYPRdas,AFC Eskilstuna
ATOMRkYu,Jarfalla
E7sodYm3,Stocksund
rmWo9J97,Assyriska FF
6aO8vaw5,Vasalund
jkdD94El,Gefle
0UwejRT0,Pitea
fPt0N0RB,Hammarby TFF
M5Xvy8a1,Sollentuna
KYqn82b7,Trelleborg
0EwvzSsg,Olympic
bDMYEA74,Hassleholms IF
zVW6XtHK,Atvidaberg
hd7Sl51F,Eskilsminne
W8xP0LIf,Kristianstad
rJj281CI,Lunds
6BpzXnbj,Rosengard
h8ADBvlk,AFC Malmo
vVej01nJ,Skovde AIK
YFkLYPRB,Tvaaker
zXDLYz9j,Trollhattan
pAq4eRQ9,Jonkoping
As4rQiXS,Laholms
vodVqZnc,Utsikten
lAYxY2n8,Angelholm
YgOBR1BR,Boden
x8n0DuY0,IFK Lulea
OxWCw5bD,Skelleftea
OEekeuU2,IFK Umea
AinzXhvM,Storfors
21qbUyjd,Taftea IK
SnN8qJj2,Umea FC Akademi
UinwbV6E,Friska Viljor
f7DfAgn7,Team TG
GpK64ohb,Kubikenborgs
IJh5K6jk,IFK Ostersund
x2QZBi2d,Gottne
pvzPyA4h,Lucksta
dnc6Ca1F,Fransta
QcOouwWM,Husqvarna
viAzuiK0,Kumla
YVVtsnli,IFK Skovde
dtFHZGgp,Motala
feEkiqSa,Vanersborgs FK
joIABnUL,Skara
bwAg3vqc,Lidkoping
fqwlHozQ,Tord
t8Dz9ak0,Karlstad II
hnW9e5b9,Stenungsunds
dSWzNEb6,Vanersborgs IF
xl7u6LSM,Herrestads AIF
I3SQIF9F,Grebbestad
xz9hTFIc,Ahlafors IF
0jqWxUUl,Skiljebo
Ast88Pe8,Gute
YyXcQMda,Enskede
CGnbWxiQ,Sunnersta AIF
ngvhVBvQ,Falu
lUJEisUD,IK Franke
8zGKcSal,Bollstanas
nuKCmkb7,Angby
SK0FmESs,Kungsangen
06bqwVlD,Lidingo IFK
IPDmlHvi,Korsnas
GfQpOh74,Taby
CnFn3Fu4,Viggbyholms
S0XXChyQ,Helges
nZZl3s3H,Oskarshamn
0YC4KD3T,Vaxjo Norra
YLFNHPBO,Rappe GOIF
A5hfANs6,Karlskrona
feL5MOmT,IFK Trelleborg
MPfKTUsO,Nosaby
4hqPROCt,Solvesborgs
z3rYw1Y1,Linero IF
02rXF1k8,Osterlen
CIyE9D5n,IFK Berga
Yya2Uuel,Staffanstorp United
4Ma7Xfh3,Torns
lbRJIlZA,IFK Karlshamn
I50FnQsd,Lilla Torg
pQRXirrJ,Smedby
0QBUta1A,Syrianska
UZAfNDWb,Ragsved
4MShXGgK,Farsta
hdC4tun4,Forward
08vPpPfK,Nykopings
CMdnvpfn,Nacka FC
6ZSThOSC,Sleipner
vZNwdnEs,Lindo FF
2uLn1slr,Karlslund
z3EvNLrU,Fittja
ptVCauQ6,Orebro Syr.
69InJ01h,Eker Orebro
Qm6WuX4f,Haninge
xKKnJrdp,Galtabacks
rXSzRcKo,Landvetter
63J1vYx4,Boljan
pAiRRD2G,Jonsereds
UNI2bLPl,Qviding
lWS0hyH3,Hestrafors
zygbcSmk,Astorps
ra6DcKoi,Frolunda
CniWf2g8,Astrio
dn88R84o,Dalstorps
6k47JUJ4,Kongahalla
OxxrLIgn,Torslanda
jP5H2PRp,Onsala
v1SkvcoT,Lindome
x8hzI4Id,Hammarby W
OOfnF22F,Kristianstad W
bDld9pGs,Hacken W
ljYdplKc,AIK W
txwk2GR8,Malmo FF W
4nmt4OBG,Vaxjo DFF W
nPUp5lI4,Djurgarden W
WAoxOBDj,Eskilstuna Utd W
4MIYMOPM,Pitea W
OfcJDHG5,Norrkoping W
CE1M8rKh,Uppsala W
ANkH9YTp,Vittsjo W
pYerGrm9,Rosengard W
WfBVcsYm,IF Brommapojkarna W
zNtd7ux2,Elfsborg W
no8wMruT,Linkoping W
MLyt1ehF,Trelleborg W
rZYttJGG,Umea W
ru2KFc1a,Gamla Upsala W
bZUzDGXc,Husqvarna W
xSKvWOE2,Goteborg W
YXfJ20yG,Jitex W
YJZ8HQLD,Orebro SK W
dOgVHM2j,KIF Orebro W
M7MuyUcg,Sandviken W
I9BUwHhS,Enskede W
KGJs0OQF,Alingsas W
8zXmqSjK,Hacken B W
riaqqurF,Galatasaray
MsbmracL,Fenerbahce
MmsYDc03,Trabzonspor
IDmErJCR,Besiktas
0MJlDkrA,Goztepe
YqP5NmC1,Basaksehir
pSc6z7bf,Samsunspor
hfvQIzKf,Kocaelispor
ITkIKZ7q,Gaziantep
IcN8oPcJ,Alanyaspor
YazuCbCE,Konyaspor
EFRnJdkr,Rizespor
GAtxDHF9,Antalyaspor
dOlaIG4l,Kasimpasa
GOPqBIRK,Genclerbirligi
8pwUEwoc,Kayserispor
276zKCgt,Eyupspor
Cv7CWW8n,Karagumruk
xQZ3CpVE,Erzurumspor
EHdgkFvm,Amedspor
rPvKSntq,Erokspor
0vne21BK,Corum
tAyqUIUd,Bodrumspor
dQVdH97o,Pendikspor
tOinx4lk,Keciorengucu
8rZvLOl2,Bandirmaspor
OvblvwLr,Sivasspor
6o783Ei5,Vanspor FK
K0zmTxp3,Manisa FK
pQPEA10Q,Igdir FK
fNtKGmxb,Sariyer
WpwUHfZ0,Boluspor
tvvIEKkc,Umraniyespor
bwbQIDxd,Istanbulspor AS
A9gDc83I,Serik Spor
2Jzfymql,Sakaryaspor
ENFkH8NH,Hatayspor
8AShqI0G,Adana Demirspor
j3Qqu5jt,Batman Petrolspor
6DgwrndF,Muglaspor
A9QNuFrj,Adana
IutvQepM,Elazigspor
OWyZjzgj,Ankaragucu
fwpxfQy5,Sanliurfaspor
dKfvMPr4,Iskenderunspor
8pFgGSxO,Inegolspor
tx2Yly51,Ankaraspor
OYA6BmSC,24 Erzincanspor
z10W6PRJ,Beyoglu Yeni Carsi
GYHxGibi,Kastamonuspor
rXy7MQ4q,Karacabey Bld.
G2dN2RRr,Erbaaspor
rmSFNqqq,Altinordu
YkjdAxpP,Beykoz Anadolu
S4sqv7ep,Kepez Bld.
vF0VBreO,Karaman
bmHv5CjF,Bucaspor 1928
f9yyDvc8,Bursaspor
QczF79F9,Aliaga
v7Q0MP8s,Mardin 1969
IgkwLViF,Musspor
hdtCHbDs,K. İstiklalspor
MoxJ7Qgl,Guzide Gebzespor
M1UzEguc,Isparta 32 Spor
QgW5BTCM,Ankara Demirspor
n1hrwpZr,Menemenspor
W2AtMUiH,Trabzon FK
jL6bowBj,Aksaray Bld.
jV5GVjOh,Fethiyespor
GULDLvvj,Arnavutkoy Bl.
vuomwRAj,Kirklarelispor
dv3eOQtG,Soma Spor
00crGw4G,Yeni Mersin Idmanyurdu
4Y9PzRD0,Adanaspor AS
086C2Y6B,Yeni Malatyaspor
WbFg0R7q,Inegol Kafkas
f3bcAihe,Corluspor
0GSR47aS,Kucukcekmece
vqpqLqbA,Etimesgut
d80RJL4i,Bursa Yildirimspor
fcBx5Wnj,Silivrispor
ULoRitCR,Yesil Yalova FK
As8cF91M,Galata
z9HKE9fK,Beykoz Ishakli Spor
fymjevn7,Bulvarspor
Snb5L7EF,Bursa Nilufer
nmg7IBxH,Inkilapspor
bPv26khU,Cankaya FK
QZ9CrBQp,Kestel Cilekspor
bH921nNq,1926 Polatli Bld.
GSigISBt,Edirnespor
ptL4fD94,12 Bingol
fwl1J6EL,Silifke
AkEcaoNk,Erciyes 38
YLX9eCPS,Agri 1970
86Jvz7T8,Nigde Bld.
S4biP6R9,Malatya
OW83dXrg,Mazidagi
8IWnBiPF,Karakopru
byguP1rC,Osmaniyespor
rFg4gGGs,Kirikkale FK
Ea5dCbOS,Kirsehir SK
zND9ljwn,Kahramanmarasspor
zuynmEKG,Diyarbekirspor
08e4S3u5,Kilis Bld.
vkpQoBCs,Suvermez
AFJWUgV7,Turk Metal 1963
GQDiv27o,Sebat Genclikspor
IsXWPpQ1,52 Orduspor
UBuR54O0,Karadeniz Eregli
lSR75w2d,Yozgat
KK000AJa,Fatsa Bld.
4Ic5VhUK,Zonguldak
fRejyO3e,Duzcespor
Oz5mZ3oS,Karabuk Idmanyurdu
v5J6hQUp,Pazarspor
nZBt6L8s,Orduspor 1967
SpyJteTq,Tokat
SjZEv1vH,Amasyaspor
Cvg29B71,Hopaspor
QuDAeqeR,Bulancakspor
jZv6qgp1,Cayeli SK
GE8LJgNk,Giresunspor
AkicHnRn,Kutahyaspor
0l3jPFaS,Eskisehirspor
xUdUHXi2,Karsiyaka
Q3SE3Myj,Ayvalikgucu
lKNdUUsc,Balikesirspor
W4UkThXh,Denizli IY Gureller
IDTD8Hz2,Usak Belediyespor
MR8aqrWd,Alanya 1221
Q9Mpvb8L,Tire 2021 FK
l0m5IQTR,Eskisehir Anadolu
nVBT8cG6,Soke 1970
xrtxGY3D,Altay
b9unN9Wg,Bornova 1877
pb4GhjWD,Afyonspor
OAl5Nv3H,Izmir Coruhlu
AFZXCII3,Nazillispor
M3EW14Hc,Fenerbahce W
4S3y1OW3,Galatasaray W
nkKnHeva,Trabzonspor W
GGRe8I06,Fomget GSK W
hSREh3wN,Amed SK W
4b1y7nB2,Besiktas W
x4fkjKZ2,Yuksekova W
0jKVCtx8,Hakkarigucu Spor W
6eplV2Nj,Unye Kadin W
nc8KKa1l,Giresun W
CMG466zp,Cekmekoy W
dtSSuu27,Fatih Vatan Spor W
xtHh3iig,1207 Antalyaspor W
8U8ND8GH,ALG Spor W
6oszg6Fc,Bornova W
juBC8CyB,Beylerbeyi W
fgcw34ti,SK St. Johann
j1aVFoRg,Tirol (Am)
pl9jnNLR,Fugen
zmXbwncT,Vols
t8icmqob,Innsbrucker AC
AidxWlqS,Ebbs
IHjh8sW4,SC Kundl
rN5jjcKC,Motz/Silz
440nnhEa,Telfs
QR6LDTvL,SC Mils 05
GphwPEXP,SV Worgl
WYYdELv2,SV Oberperfuss
dzZZnFtd,FC Volders
S4pYlOfk,Kematen
2wxrSsSF,Wests APIA
